timestamp,err_x_rel,err_y_rel,dist_px,aciertos,fallos,peso_v_x,peso_h_y
1772321693.29691,-0.004166666666666667,-0.8,256.0019531175495,0,0,-0.0175,0.004791666666666668
1772321693.4662533,0.15833333333333333,-0.83125,268.70057685088807,0,0,-0.0175,0.004791666666666668
1772321693.648187,0.19166666666666668,-0.853125,276.8483339303309,0,0,-0.0175,0.004791666666666668
1772321693.8115227,0.15833333333333333,-0.85,274.64158461529456,0,0,-0.0175,0.004791666666666668
1772321693.9912844,0.14583333333333334,-0.828125,267.30132809247317,0,0,-0.0175,0.004791666666666668
1772321694.161084,0.14583333333333334,-0.8375,270.27578507887085,0,0,-0.0175,0.004791666666666668
1772321694.3194504,0.13333333333333333,-0.846875,272.88275870783775,0,0,-0.0175,0.004791666666666668
1772321694.5021925,0.13333333333333333,-0.85,273.87588429797904,0,0,-0.0175,0.004791666666666668
1772321694.6669724,0.1375,-0.853125,274.9872724327437,0,0,-0.0175,0.004791666666666668
1772321694.831187,0.14166666666666666,-0.85625,276.1014306373656,0,0,-0.0175,0.004791666666666668
1772321694.9992633,0.14166666666666666,-0.853125,275.10906927980403,0,0,-0.0175,0.004791666666666668
1772321695.1610725,0.14166666666666666,-0.853125,275.10906927980403,0,0,-0.0175,0.004791666666666668
1772321695.304941,0.1375,-0.840625,271.01660465735307,0,0,-0.0175,0.004791666666666668
1772321695.4643831,0.14166666666666666,-0.78125,252.30140705116966,0,0,-0.0175,0.004791666666666668
1772321695.6135888,0.15,-0.76875,248.62019226120793,0,0,-0.0175,0.004791666666666668
1772321695.7590652,0.15416666666666667,-0.76875,248.766959220874,0,0,-0.0175,0.004791666666666668
1772321695.9122,0.15833333333333333,-0.78125,252.87150887357794,0,0,-0.0175,0.004791666666666668
1772321696.0600834,0.15416666666666667,-0.76875,248.766959220874,0,0,-0.0175,0.004791666666666668
1772321696.2295375,0.15833333333333333,-0.784375,253.86019774671254,0,0,-0.0175,0.004791666666666668
1772321696.3971534,0.15416666666666667,-0.78125,252.7231687044146,0,0,-0.0175,0.004791666666666668
1772321696.557582,0.1625,-0.784375,254.01181074902797,0,0,-0.0175,0.004791666666666668
1772321696.7209225,0.1625,-0.76875,249.07227866625382,0,0,-0.0175,0.004791666666666668
1772321696.8683686,0.1625,-0.78125,253.02371430362015,0,0,-0.0175,0.004791666666666668
1772321697.0264194,0.15833333333333333,-0.784375,253.86019774671254,0,0,-0.0175,0.004791666666666668
1772321697.1745665,0.1625,-0.784375,254.01181074902797,0,0,-0.0175,0.004791666666666668
1772321697.354571,0.15833333333333333,-0.778125,251.88290930509754,0,0,-0.0175,0.004791666666666668
1772321697.5228539,0.15833333333333333,-0.78125,252.87150887357794,0,0,-0.0175,0.004791666666666668
1772321697.6735632,0.15416666666666667,-0.78125,252.7231687044146,0,0,-0.0175,0.004791666666666668
1772321697.8512619,0.15416666666666667,-0.78125,252.7231687044146,0,0,-0.0175,0.004791666666666668
1772321698.0229254,0.1625,-0.784375,254.01181074902797,0,0,-0.0175,0.004791666666666668
1772321698.194964,0.15833333333333333,-0.765625,247.9294254419995,0,0,-0.0175,0.004791666666666668
1772321698.3615835,0.15833333333333333,-0.7625,246.94128856876083,0,0,-0.0175,0.004791666666666668
1772321698.5334961,0.1625,-0.76875,249.07227866625382,0,0,-0.0175,0.004791666666666668
1772321698.6981134,0.15833333333333333,-0.765625,247.9294254419995,0,0,-0.0175,0.004791666666666668
1772321698.8668678,0.2,-0.7875,256.5306999171834,0,0,-0.0175,0.004791666666666668
1772321699.0318134,0.2708333333333333,-0.784375,259.27977167530827,0,0,-0.0175,0.004791666666666668
1772321699.2111304,0.2791666666666667,-0.771875,255.92577048824137,0,0,-0.0175,0.004791666666666668
1772321699.3742187,0.2791666666666667,-0.771875,255.92577048824137,0,0,-0.0175,0.004791666666666668
1772321699.5591054,0.2833333333333333,-0.784375,260.0480724789169,0,0,-0.0175,0.004791666666666668
1772321699.7329206,0.2833333333333333,-0.771875,256.1893830743187,0,0,-0.0175,0.004791666666666668
1772321699.8980477,0.2833333333333333,-0.784375,260.0480724789169,0,0,-0.0175,0.004791666666666668
1772321700.0521657,0.3375,-0.78125,262.79459659589656,0,0,-0.0175,0.004791666666666668
1772321700.2144744,0.39166666666666666,-0.784375,268.0242526339734,0,0,-0.0175,0.004791666666666668
1772321700.3894825,0.4166666666666667,-0.7875,271.1162112452887,0,0,-0.0175,0.004791666666666668
1772321700.5601828,0.425,-0.76875,266.30809225406574,0,0,-0.0175,0.004791666666666668
1772321700.7129471,0.3958333333333333,-0.76875,263.7062759966095,0,0,-0.0175,0.004791666666666668
1772321700.8760846,0.35833333333333334,-0.75625,256.82678987987214,0,0,-0.0175,0.004791666666666668
1772321701.0372155,0.38333333333333336,-0.746875,256.09568524284043,0,0,-0.0175,0.004791666666666668
1772321701.1937132,0.375,-0.753125,257.25668115716644,0,0,-0.0175,0.004791666666666668
1772321701.3534448,0.4083333333333333,-0.75,259.2373429890069,0,0,-0.0175,0.004791666666666668
1772321701.533163,0.4083333333333333,-0.75,259.2373429890069,0,0,-0.0175,0.004791666666666668
1772321701.723541,0.45416666666666666,-0.75,263.592488512097,0,0,-0.0175,0.004791666666666668
1772321701.8995898,0.425,-0.746875,259.8557292037257,0,0,-0.0175,0.004791666666666668
1772321702.0838425,0.42083333333333334,-0.753125,261.30824709526485,0,0,-0.0175,0.004791666666666668
1772321702.2679336,0.5041666666666667,-0.7125,258.11818998280614,0,0,-0.0175,0.004791666666666668
1772321702.451723,0.5541666666666667,-0.690625,257.93410011086166,0,0,-0.0175,0.004791666666666668
1772321702.642852,0.5416666666666666,-0.603125,232.69937687926884,0,0,-0.0175,0.004791666666666668
1772321702.8562503,0.7541666666666667,-0.678125,282.57742301889584,0,0,-0.0175,0.004791666666666668
1772321703.0229044,0.9208333333333333,-0.684375,311.1301978272119,0,0,-0.0175,0.004791666666666668
1772321703.9901865,0.9583333333333334,-0.765625,336.04315199093105,0,0,-0.0175,0.004791666666666668
1772321704.2892158,0.4166666666666667,-0.803125,275.7698315624826,0,0,-0.0175,0.004791666666666668
1772321704.448534,0.38333333333333336,-0.715625,246.78938388836744,0,0,-0.0175,0.004791666666666668
1772321704.6045253,0.37916666666666665,-0.6875,238.07771840304585,0,0,-0.0175,0.004791666666666668
1772321704.773094,0.32916666666666666,-0.684375,232.81322986462774,0,0,-0.0175,0.004791666666666668
1772321704.9168918,0.2708333333333333,-0.703125,234.2007685726074,0,0,-0.0175,0.004791666666666668
1772321705.0664856,0.20416666666666666,-0.715625,234.18368858654523,0,0,-0.0175,0.004791666666666668
1772321705.2245202,0.22916666666666666,-0.75625,248.1713117989265,0,0,-0.0175,0.004791666666666668
1772321705.3828712,0.26666666666666666,-0.771875,255.15681452785068,0,0,-0.0175,0.004791666666666668
1772321705.5517428,0.35833333333333334,-0.80625,271.9558787744806,0,0,-0.0175,0.004791666666666668
1772321705.7072423,0.4666666666666667,-0.809375,282.17902119044925,0,0,-0.0175,0.004791666666666668
1772321705.9265687,0.5208333333333334,-0.83125,293.90644770062465,0,0,-0.0175,0.004791666666666668
1772321706.860886,0.4791666666666667,-0.85625,297.1548417912789,0,0,-0.0175,0.004791666666666668
1772321709.4828534,-0.3958333333333333,-0.746875,257.1886467167631,0,0,-0.0175,0.004791666666666668
1772321709.662988,-0.375,-0.746875,255.38402455909414,0,0,-0.0175,0.004791666666666668
1772321709.8784664,-0.3416666666666667,-0.75625,255.51516589040267,0,0,-0.0175,0.004791666666666668
1772321711.9980702,-0.05416666666666667,-0.853125,273.3093485411723,0,0,-0.0175,0.004791666666666668
1772321712.304978,0.09583333333333334,-0.890625,285.9265639985204,0,0,-0.0175,0.004791666666666668
1772322176.7892387,-0.19166666666666668,-0.796875,259.11580422660444,0,0,0.01125,-0.0006249999999999977
1772322177.0433002,-0.05416666666666667,-0.796875,255.3311575190149,0,0,0.01125,-0.0006249999999999977
1772322177.2178485,0.0125,-0.85,272.01654361453825,0,0,0.01125,-0.0006249999999999977
1772322177.3833032,0.041666666666666664,-0.8625,276.181100005051,0,0,0.01125,-0.0006249999999999977
1772322177.5471737,0.029166666666666667,-0.859375,275.0890764825096,0,0,0.01125,-0.0006249999999999977
1772322177.7217221,0.004166666666666667,-0.85625,274.00182481144174,0,0,0.01125,-0.0006249999999999977
1772322177.8833237,0.004166666666666667,-0.853125,273.00183149568795,0,0,0.01125,-0.0006249999999999977
1772322178.0668917,0.0,-0.85,272.0,0,0,0.01125,-0.0006249999999999977
1772322178.23435,0.004166666666666667,-0.859375,275.0018181758077,0,0,0.01125,-0.0006249999999999977
1772322178.5156531,0.0625,-0.859375,275.40878707840824,0,0,0.01125,-0.0006249999999999977
1772322178.8634958,0.05416666666666667,-0.884375,283.2984292226132,0,0,0.01125,-0.0006249999999999977
1772322179.1595182,0.0625,-0.8625,276.40730815229904,0,0,0.01125,-0.0006249999999999977
1772322179.3356895,0.0625,-0.853125,273.41177736154674,0,0,0.01125,-0.0006249999999999977
1772322179.6136937,0.020833333333333332,-0.803125,257.0486335306998,0,0,0.01125,-0.0006249999999999977
1772322179.792194,-0.125,-0.803125,258.74504826179765,0,0,0.01125,-0.0006249999999999977
1772322179.9460468,-0.19583333333333333,-0.8,260.2786967848118,0,0,0.01125,-0.0006249999999999977
1772322180.1246877,-0.325,-0.796875,266.6627083039546,0,0,0.01125,0.008750000000000003
1772322180.4337933,-0.48333333333333334,-0.796875,280.1446055165082,0,0,0.01125,0.008750000000000003
1772322180.6861818,-0.6041666666666666,-0.728125,274.4339629127561,0,0,0.01125,0.008750000000000003
1772322196.3144958,-0.14166666666666666,-0.95,305.8954069612684,0,0,0.01125,-0.0006249999999999977
1772322196.4793272,-0.08333333333333333,-0.853125,273.73162038756135,0,0,0.01125,-0.0006249999999999977
1772322196.6282356,-0.06666666666666667,-0.83125,266.48076853686837,0,0,0.01125,-0.0006249999999999977
1772322196.7847128,-0.08333333333333333,-0.846875,271.7370052090808,0,0,0.01125,-0.0006249999999999977
1772322196.9895978,-0.07916666666666666,-0.85,272.66279540854123,0,0,0.01125,-0.0006249999999999977
1772322197.189077,0.0125,-0.84375,270.0166661522951,0,0,0.01125,-0.0006249999999999977
1772322197.3322196,0.05,-0.84375,270.266535109325,0,0,0.01125,-0.0006249999999999977
1772322197.481044,0.058333333333333334,-0.85,272.360055808483,0,0,0.01125,-0.0006249999999999977
1772322197.6404154,0.12916666666666668,-0.859375,276.7417568781408,0,0,0.01125,-0.0006249999999999977
1772322197.8129144,0.12083333333333333,-0.85,273.5415873317986,0,0,0.01125,-0.0006249999999999977
1772322197.982397,0.17916666666666667,-0.85,275.3779221361074,0,0,0.01125,-0.0006249999999999977
1772322198.1464355,0.17916666666666667,-0.8625,279.32955446926843,0,0,0.01125,-0.0006249999999999977
1772322198.3102713,0.17083333333333334,-0.85,275.0727176584403,0,0,0.01125,-0.0006249999999999977
1772322198.465316,0.25,-0.878125,287.3343000757132,0,0,0.01125,-0.0006249999999999977
1772322198.6218498,0.25416666666666665,-0.878125,287.544779121444,0,0,0.01125,-0.0006249999999999977
1772322198.8019967,0.25,-0.878125,287.3343000757132,0,0,0.01125,-0.0006249999999999977
1772322198.957046,0.25,-0.88125,288.3123306416151,0,0,0.01125,-0.0006249999999999977
1772322199.1425912,0.24583333333333332,-0.88125,288.1058833137567,0,0,0.01125,-0.0006249999999999977
1772322199.3206365,0.24583333333333332,-0.88125,288.1058833137567,0,0,0.01125,-0.0006249999999999977
1772322199.4674957,0.24583333333333332,-0.8875,290.0637860885085,0,0,0.01125,-0.0006249999999999977
1772322199.608164,0.05416666666666667,-0.865625,277.3048863615641,0,0,0.01125,-0.0006249999999999977
1772322199.761475,0.008333333333333333,-0.8625,276.00724628168734,0,0,0.01125,0.0015625
1772322199.9259932,-0.016666666666666666,-0.878125,281.0284683088174,0,0,0.01125,0.0015625
1772322200.07402,-0.0375,-0.878125,281.1440911703463,0,0,0.01125,0.0015625
1772322200.2423158,-0.08333333333333333,-0.8625,276.72368890284764,0,0,0.01125,0.0015625
1772322200.41297,-0.075,-0.859375,275.5884612969128,0,0,0.01125,0.0015625
1772322200.577951,-0.0875,-0.85,272.8094573140748,0,0,0.01125,0.0015625
1772322200.733828,-0.058333333333333334,-0.803125,257.381040482783,0,0,0.01125,0.0015625
1772322200.875287,-0.058333333333333334,-0.79375,254.3855341799136,0,0,0.01125,0.0015625
1772322201.0640197,-0.05416666666666667,-0.8,256.3298656028985,0,0,0.00625,-0.0015625
1772322201.2475998,-0.0625,-0.715625,229.49074055394914,1,0,0.00625,-0.0015625
1772322201.4100618,-0.05,-0.6875,220.32702966272657,2,0,0.006235712890625,-0.0015436228434244793
1772322201.5702028,-0.05416666666666667,-0.6875,220.38375620721234,2,0,0.006235712890625,-0.0015436228434244793
1772322201.7202015,-0.05,-0.6875,220.32702966272657,2,0,0.006235712890625,-0.0015436228434244793
1772322201.8998377,-0.09166666666666666,-0.684375,220.10224896624752,2,0,0.006235712890625,-0.0015436228434244793
1772322202.09108,-0.175,-0.59375,194.58674158328466,3,0,0.006188670677459081,-0.0014954524569592874
1772322202.2695255,-0.175,-0.603125,197.51708786836647,3,1,0.0062582342120814215,-0.0017778086369912632
1772322202.4114828,-0.18333333333333332,-0.590625,194.05411616350733,4,1,0.006223013264321098,-0.0016477695857701818
1772322202.5763767,-0.17916666666666667,-0.590625,193.82982226685345,4,1,0.006223013264321098,-0.0016477695857701818
1772322202.7474298,-0.175,-0.596875,195.5632889885011,4,2,0.006289461227056893,-0.0019278702773494116
1772322202.9154775,-0.18333333333333332,-0.596875,196.0025510038071,4,2,0.006289461227056893,-0.0019278702773494116
1772322203.077868,-0.175,-0.6,196.5400722499104,4,2,0.006289461227056893,-0.0019278702773494116
1772322203.2434022,-0.17916666666666667,-0.59375,194.80503073586164,5,2,0.006256210390754151,-0.0018009581749951376
1772322203.4192777,-0.175,-0.534375,176.08236708995025,6,2,0.006223658159197575,-0.0016794614444288404
1772322203.5684404,-0.175,-0.534375,176.08236708995025,6,2,0.006223658159197575,-0.0016794614444288404
1772322203.7546208,-0.175,-0.53125,175.11139311878026,7,2,0.00619469446197578,-0.0015557591205919736
1772322203.9255416,-0.17916666666666667,-0.53125,175.35392781457733,7,2,0.00619469446197578,-0.0015557591205919736
1772322204.0682075,-0.175,-0.53125,175.11139311878026,7,2,0.00619469446197578,-0.0015557591205919736
1772322204.228236,-0.175,-0.534375,176.08236708995025,7,2,0.00619469446197578,-0.0015557591205919736
1772322204.3741355,-0.175,-0.540625,178.02527910383964,7,3,0.006253897175526611,-0.0018130726691911589
1772322204.5243154,-0.175,-0.534375,176.08236708995025,8,3,0.00622513244441519,-0.0016920158033376597
1772322204.7048454,-0.175,-0.5375,177.05366418123066,8,3,0.00622513244441519,-0.0016920158033376597
1772322204.8597283,-0.175,-0.5375,177.05366418123066,8,3,0.00622513244441519,-0.0016920158033376597
1772322205.0321815,-0.18333333333333332,-0.534375,176.57009939398006,8,3,0.00622513244441519,-0.0016920158033376597
1772322205.2040563,-0.17916666666666667,-0.5375,177.2935419015594,8,3,0.00622513244441519,-0.0016920158033376597
1772322205.3541343,-0.17916666666666667,-0.5375,177.2935419015594,8,3,0.00622513244441519,-0.0016920158033376597
1772322205.5004485,-0.17916666666666667,-0.540625,178.2638493918495,8,3,0.00622513244441519,-0.0016920158033376597
1772322205.656063,-0.17083333333333334,-0.5375,176.81911661356077,9,3,0.006196734715502639,-0.0015637440836683563
1772322205.8062546,-0.17083333333333334,-0.446875,148.7615541731129,10,3,0.00616732556640503,-0.0014608507027723283
1772322205.9524856,-0.17083333333333334,-0.440625,146.84004903295286,11,3,0.00614453815191874,-0.0013533999198653333
1772322206.1105957,-0.17083333333333334,-0.440625,146.84004903295286,11,3,0.00614453815191874,-0.0013533999198653333
1772322206.2615945,-0.17083333333333334,-0.4375,145.8800877433243,12,3,0.006121889408994068,-0.001244763674857794
1772322206.4061832,-0.16666666666666666,-0.440625,146.5639792036229,12,3,0.006121889408994068,-0.001244763674857794
1772322206.552326,-0.17083333333333334,-0.446875,148.7615541731129,12,4,0.006168500746188248,-0.0014638061986997888
1772322206.7014947,-0.17083333333333334,-0.44375,147.80054127099805,13,4,0.006145743257195608,-0.001355632560169151
1772322206.8543413,-0.175,-0.4375,146.1642911247477,14,4,0.006122315039549814,-0.001247154466844548
1772322207.024443,-0.17083333333333334,-0.4375,145.8800877433243,14,4,0.006122315039549814,-0.001247154466844548
1772322207.1923468,-0.17083333333333334,-0.446875,148.7615541731129,14,5,0.006167766523462842,-0.0014727227073599949
1772322207.3383288,-0.15,-0.453125,149.40214188558343,14,5,0.006167766523462842,-0.0014727227073599949
1772322207.4956915,-0.10416666666666667,-0.459375,149.11069713471264,14,5,0.006167766523462842,-0.0014727227073599949
1772322207.6809525,-0.0125,-0.490625,157.0286598045083,14,6,0.006171960448255155,-0.0015994960767668916
1772322207.829533,0.09166666666666666,-0.496875,160.51479682571323,14,7,0.006132333334307281,-0.001565957853051566
1772322207.9776783,0.19166666666666668,-0.5,166.48123017325406,14,8,0.006034104603285189,-0.0013561856423327475
1772322208.132185,0.2875,-0.521875,180.6931099959265,14,9,0.005867209281394666,-0.0009688303377964157
1772322208.3091881,0.3333333333333333,-0.50625,180.67650649710936,14,9,0.005867209281394666,-0.0009688303377964157
1772322208.45524,0.325,-0.50625,179.79988876526036,15,9,0.005977084328073661,-0.0012686454650009823
1772322208.6227958,0.2916666666666667,-0.49375,172.8120366178236,16,9,0.006077189976806074,-0.0015615792077367722
1772322208.7897775,0.25416666666666665,-0.49375,169.36646657470303,17,9,0.0061615877278197615,-0.001832940432453781
1772322208.9659026,0.23333333333333334,-0.503125,170.46113926640288,17,9,0.0061615877278197615,-0.001832940432453781
1772322209.1161842,0.21666666666666667,-0.459375,155.92626462530293,18,9,0.00623056209894197,-0.002045783413967748
1772322209.3152132,0.2708333333333333,-0.4125,147.13599151805107,19,9,0.006311263000047012,-0.0022262938033589283
1772322209.4646988,0.2875,-0.409375,148.06079832285116,19,9,0.006311263000047012,-0.0022262938033589283
1772322209.6343396,0.30416666666666664,-0.403125,148.22280526288793,19,9,0.006311263000047012,-0.0022262938033589283
1772322209.7983127,0.30416666666666664,-0.403125,148.22280526288793,19,9,0.006311263000047012,-0.0022262938033589283
1772322209.987843,0.2875,-0.396875,144.53373308677806,20,9,0.00640222974980465,-0.002459386199345917
1772322210.1413898,0.275,-0.4,144.01388821915754,20,9,0.00640222974980465,-0.002459386199345917
1772322210.32544,0.2708333333333333,-0.4,143.55835050598765,20,9,0.00640222974980465,-0.002459386199345917
1772322210.506775,0.29583333333333334,-0.403125,147.24808997063425,20,10,0.006221470038879821,-0.002024752006039063
1772322210.7052288,0.32083333333333336,-0.41875,154.5477272560163,20,11,0.0060241845983087855,-0.001552272994320028
1772322210.8590944,0.32916666666666666,-0.41875,155.5538491969903,20,11,0.0060241845983087855,-0.001552272994320028
1772322211.041158,0.29583333333333334,-0.403125,147.24808997063425,21,11,0.006117905862719111,-0.0017946748043510723
1772322211.2200267,0.2916666666666667,-0.403125,146.76852523616907,21,11,0.006117905862719111,-0.0017946748043510723
1772322211.3706338,0.3,-0.403125,147.73286702694156,21,11,0.006117905862719111,-0.0017946748043510723
1772322211.5658767,0.30833333333333335,-0.34375,132.5745073534124,22,11,0.0062114650583388045,-0.00198749665585414
1772322211.7514224,0.3,-0.296875,119.20151005754919,23,11,0.006297194258683804,-0.0021585039908931323
1772322211.9519336,0.2708333333333333,-0.2875,112.6454615153225,24,11,0.006368969862598374,-0.002320196936295073
1772322212.1428547,0.2375,-0.29375,109.9317970379817,25,11,0.0064285495925405015,-0.0024720121609493255
1772322212.3183472,0.225,-0.2875,106.6770828247567,26,11,0.006482850079874513,-0.002605738129005907
1772322212.4971712,0.2125,-0.2875,105.19030373565806,27,11,0.0065328090920462245,-0.002734131726437868
1772322212.6685424,0.2125,-0.2875,105.19030373565806,27,11,0.0065328090920462245,-0.002734131726437868
1772322212.8395348,0.15833333333333333,-0.2875,99.53893710503444,28,11,0.006569468350915564,-0.0028573786586992885
1772322213.0156882,0.11666666666666667,-0.278125,93.30058949438637,29,11,0.006593794268406292,-0.0029510152233318066
1772322213.1959805,0.1375,-0.278125,94.92101980067429,29,12,0.006542575596583873,-0.002804457449766444
1772322213.3702266,0.15,-0.284375,97.86214794290998,29,13,0.006484568887743353,-0.002635701576337566
1772322213.5595639,0.1375,-0.275,93.98404119849285,30,13,0.006511960569679383,-0.0027225072579405265
1772322213.7347267,0.125,-0.275,92.97311439335567,31,13,0.006535777279855778,-0.002803380247694667
1772322213.9023247,0.12083333333333333,-0.275,92.65527507918802,31,13,0.006535777279855778,-0.002803380247694667
1772322214.0631325,0.12916666666666668,-0.275,93.30058949438637,31,13,0.006535777279855778,-0.002803380247694667
1772322214.2471032,0.13333333333333333,-0.278125,94.57801012920498,31,13,0.006535777279855778,-0.002803380247694667
1772322214.4153783,0.13333333333333333,-0.303125,102.1420579389313,31,14,0.006484756037689291,-0.002628008342223097
1772322214.6077821,0.0875,-0.225,75.0,32,14,0.006502265417090207,-0.002693199396719665
1772322214.7794905,0.058333333333333334,-0.203125,66.49060083951716,33,14,0.0065106737797373995,-0.0027330361182995215
1772322214.963236,0.058333333333333334,-0.2,65.5133574166368,34,14,0.006517742415830659,-0.0027613110465575094
1772322215.149592,0.0625,-0.209375,68.65857557508748,34,15,0.00650273122519764,-0.0027021809028678185
1772322215.345807,0.0625,-0.20625,67.68308503607086,35,15,0.00651057931852,-0.00273299453519816
1772322215.522884,0.058333333333333334,-0.203125,66.49060083951716,36,15,0.006517843462835519,-0.0027633198892326244
1772322215.70722,0.058333333333333334,-0.203125,66.49060083951716,36,15,0.006517843462835519,-0.0027633198892326244
1772322215.9018154,0.020833333333333332,-0.203125,65.19202405202648,37,15,0.006520376033111612,-0.002792131246533231
1772322216.0701284,-0.008333333333333333,-0.2,64.03124237432849,38,15,0.006519502626237992,-0.002807397201184778
1772322216.252178,-0.008333333333333333,-0.196875,63.0317380372777,39,15,0.006518749924474165,-0.002812250616649205
1772322216.4175055,-0.008333333333333333,-0.196875,63.0317380372777,39,15,0.006518749924474165,-0.002812250616649205
1772322216.59056,-0.008333333333333333,-0.2,64.03124237432849,39,15,0.006518749924474165,-0.002812250616649205
1772322216.764315,-0.0125,-0.196875,63.071388124885914,40,15,0.006517617754388618,-0.0028171174329329972
1772322216.9268672,-0.008333333333333333,-0.196875,63.0317380372777,40,15,0.006517617754388618,-0.0028171174329329972
1772322217.0887055,-0.008333333333333333,-0.2,64.03124237432849,40,15,0.006517617754388618,-0.0028171174329329972
1772322217.2659268,-0.0125,-0.203125,65.06919393998976,40,15,0.006517617754388618,-0.0028171174329329972
1772322217.4328969,-0.016666666666666666,-0.2,64.1248781675256,41,15,0.006516111063256765,-0.0028207333131225845
1772322217.5931902,-0.025,-0.203125,65.27633568147036,41,15,0.006516111063256765,-0.0028207333131225845
1772322217.766849,-0.029166666666666667,-0.20625,66.37017402418047,41,15,0.006516111063256765,-0.0028207333131225845
1772322217.9265149,-0.029166666666666667,-0.203125,65.37583651472461,42,15,0.006513645306842817,-0.002818589629668407
1772322218.101002,-0.0375,-0.203125,65.62011886609167,42,15,0.006513645306842817,-0.002818589629668407
1772322218.2785542,-0.029166666666666667,-0.20625,66.37017402418047,42,15,0.006513645306842817,-0.002818589629668407
1772322218.445185,-0.025,-0.20625,66.27216610312357,42,15,0.006513645306842817,-0.002818589629668407
1772322218.6228967,-0.05416666666666667,-0.209375,68.24954212300622,42,16,0.006523037047586041,-0.0028199545866148773
1772322218.8045573,-0.15833333333333333,-0.18125,69.33974329343886,42,16,0.006523037047586041,-0.0028199545866148773
1772322218.9674542,-0.30416666666666664,-0.175,92.00543462209176,42,17,0.006531215701566929,-0.002904859975933502
1772322219.1367202,-0.4375,-0.178125,119.47384651043926,42,18,0.006481924018388567,-0.0030815696634071397
1772322219.3080018,-0.5625,-0.096875,138.51353724455961,42,19,0.006353612924822413,-0.0032197001812598216
1772322219.4829717,-0.5666666666666667,-0.090625,139.05754204644924,42,19,0.006353612924822413,-0.0032197001812598216
1772322219.6328146,-0.5416666666666666,-0.084375,132.7742444904131,43,19,0.006466777016381282,-0.0031419955225371146
1772322219.8014483,-0.49583333333333335,-0.084375,122.0245876862528,44,19,0.006568505854954039,-0.003066041552051716
1772322219.9527225,-0.4625,-0.084375,114.23659658795863,45,19,0.006655480326197006,-0.0029953019607636792
1772322220.0999901,-0.4583333333333333,-0.08125,113.03096920755833,46,19,0.006735980118233919,-0.0029308068059510223
1772322220.2469368,-0.4583333333333333,-0.078125,112.80514172678478,46,19,0.006735980118233919,-0.0029308068059510223
1772322220.379925,-0.45416666666666666,-0.08125,112.05802068571441,46,19,0.006735980118233919,-0.0029308068059510223
1772322220.5366335,-0.4583333333333333,-0.078125,112.80514172678478,46,19,0.006735980118233919,-0.0029308068059510223
1772322220.689698,-0.45416666666666666,-0.08125,112.05802068571441,46,19,0.006735980118233919,-0.0029308068059510223
1772322220.8657253,-0.45,-0.08125,111.08555261599052,47,19,0.006815121308697158,-0.0028664768138159623
1772322221.0449054,-0.44583333333333336,-0.084375,110.35397591387454,47,19,0.006815121308697158,-0.0028664768138159623
1772322221.1898825,-0.44583333333333336,-0.0875,110.60289327137876,47,19,0.006815121308697158,-0.0028664768138159623
1772322221.3386784,-0.375,-0.084375,93.96275858019496,48,19,0.006879453631350146,-0.002800060923720532
1772322221.5178576,-0.26666666666666666,-0.09375,70.68238818828917,49,19,0.006917054848710478,-0.002737429525819061
1772322221.6907363,-0.25,-0.103125,68.47627326307996,50,19,0.006938361377740082,-0.0026887347133031365
1772322221.839191,-0.24166666666666667,-0.096875,65.76473218982953,51,19,0.006956052176238428,-0.002645898694556026
1772322222.0101793,-0.20416666666666666,-0.096875,57.982756057296896,52,19,0.006970839067520465,-0.0026042360004442365
1772322222.157717,-0.20416666666666666,-0.1,58.52349955359813,52,19,0.006970839067520465,-0.0026042360004442365
1772322222.3293788,-0.19166666666666668,-0.096875,55.47071299343465,53,19,0.006980991036576508,-0.002569214175665249
1772322222.5003603,-0.12916666666666668,-0.1125,47.50789408087881,54,19,0.006987255152091725,-0.002530963870061882
1772322222.6767945,-0.12916666666666668,-0.1125,47.50789408087881,54,19,0.006987255152091725,-0.002530963870061882
1772322222.853054,-0.125,-0.1125,46.861498055439924,54,19,0.006987255152091725,-0.002530963870061882
1772322223.0104473,-0.10833333333333334,-0.1125,44.40720662234904,55,19,0.0069882010621855496,-0.0025069387835220656
1772322223.1938949,-0.058333333333333334,-0.115625,39.56008088970496,56,19,0.006988235746532616,-0.002485803773472487
1772322223.3681145,-0.04583333333333333,-0.125,41.48493702538308,56,20,0.006990556650475119,-0.0025080486346158288
1772322223.537634,-0.05,-0.121875,40.80441152620633,56,20,0.006990556650475119,-0.0025080486346158288
1772322223.7090716,-0.05416666666666667,-0.115625,39.21734310225516,57,20,0.006988810082077584,-0.0024997134571251274
1772322223.886963,-0.05,-0.11875,39.84971769034255,57,20,0.006988810082077584,-0.0024997134571251274
1772322224.0614865,-0.016666666666666666,-0.11875,38.2099463490856,58,20,0.006988296293608563,-0.002491078003434026
1772322224.2369003,0.0375,-0.13125,42.95346318982906,58,21,0.006984758876532749,-0.0024938238813948395
1772322224.4178247,0.058333333333333334,-0.13125,44.27188724235731,58,21,0.006984758876532749,-0.0024938238813948395
1772322224.5798593,0.058333333333333334,-0.128125,43.32435804486894,59,21,0.0069899825641016634,-0.002510736601416367
1772322224.7450938,0.05,-0.128125,42.720018726587654,59,21,0.0069899825641016634,-0.002510736601416367
1772322224.9209642,0.05416666666666667,-0.128125,43.01162633521314,59,21,0.0069899825641016634,-0.002510736601416367
1772322225.0879686,0.058333333333333334,-0.128125,43.32435804486894,59,21,0.0069899825641016634,-0.002510736601416367
1772322225.26698,0.0625,-0.128125,43.657759905886145,59,21,0.0069899825641016634,-0.002510736601416367
1772322225.4338193,0.0625,-0.134375,45.5411901469428,59,22,0.006978700206139961,-0.0024732637974090436
1772322225.603888,0.05416666666666667,-0.140625,46.84015371452148,59,22,0.006978700206139961,-0.0024732637974090436
1772322225.7687774,-0.004166666666666667,-0.13125,42.01190307520001,60,22,0.0069783180310230815,-0.0024897497016066056
1772322225.9473677,-0.1625,-0.115625,53.75872022286245,60,23,0.006997488364891147,-0.002486261192792223
1772322226.1261008,-0.4375,-0.065625,107.07940978544848,60,24,0.006974781896161062,-0.0025234979642717722
1772322226.3143384,-0.8208333333333333,0.05,197.6486782146544,60,25,0.006674128347590288,-0.0024436165476201467
1772322292.4295325,0.6041666666666666,-0.65,253.5527558517162,0,0,0.00625,-0.0015625
1772322293.6737936,-0.49166666666666664,-0.528125,206.11889772653063,0,0,0.00625,-0.0015625
1772322293.8705122,-0.5875,-0.534375,221.63483480716653,0,0,0.00625,-0.0015625
1772322294.0365517,-0.6541666666666667,-0.5375,232.8797973204202,0,0,0.00625,-0.0015625
1772322294.255363,-0.7333333333333333,-0.540625,246.78938388836744,0,0,0.00625,-0.0015625
1772322294.4209163,-0.7291666666666666,-0.54375,246.78127967899024,0,0,0.00625,-0.0015625
1772322294.592845,-0.7375,-0.54375,248.20354550247666,0,0,0.00625,-0.0015625
1772322294.7688675,-0.7375,-0.540625,247.50353532828578,0,0,0.00625,-0.0015625
1772322302.196539,-0.7583333333333333,-0.60625,266.00751869073173,0,0,0.00625,-0.00625
1772322302.3730528,-0.675,-0.628125,258.15692901799093,0,0,0.00625,-0.00625
1772322302.5554423,-0.5916666666666667,-0.63125,246.9169900999119,0,0,0.00625,-0.00625
1772322302.7375703,-0.38333333333333336,-0.628125,221.05429197371402,0,0,0.00625,-0.00625
1772322302.932133,-0.15416666666666667,-0.646875,210.28076469330236,0,0,0.00625,-0.00625
1772322303.1171246,0.0,-0.6125,196.0,0,0,0.00625,-0.00625
1772322303.3125143,0.15833333333333333,-0.58125,189.84203960134857,0,0,0.00625,-0.00625
1772322303.504269,0.2833333333333333,-0.5625,192.4162155328911,0,0,-0.10416666666666666,0.00625
1772322303.6828249,0.3541666666666667,-0.578125,203.59273071502332,0,1,-0.10416666666666666,0.00625
1772322303.8631437,0.42916666666666664,-0.5625,207.38611332488009,0,2,-0.1009222206850405,0.0058941650390625
1772322304.0629535,0.475,-0.565625,213.9088590965788,0,3,-0.09690320041455944,0.005607354442457505
1772322304.2282288,0.475,-0.58125,218.15590755237412,0,4,-0.09288599485619102,0.005359441648441119
1772322304.4153323,0.4791666666666667,-0.559375,212.7580785775243,1,4,-0.09464998994352136,0.005469336138675335
1772322304.7766,0.6,-0.5875,236.81216184985095,1,5,-0.0898646960935975,0.005241380893230341
1772322305.4188945,0.6041666666666666,-0.7,266.83515510516975,1,6,-0.08433435968799187,0.005038540554645817
1772322305.5934162,0.6125,-0.7125,271.28029784707917,1,7,-0.08004958363614373,0.0047804041647904055
1772322305.768577,0.5958333333333333,-0.7625,282.81619472724685,1,8,-0.07664365122525243,0.004551591254847026
1772322306.0552802,0.20833333333333334,-0.8875,288.367820673528,1,9,-0.07583338198292769,0.004282616299650264
1772322325.079333,0.35,-0.903125,300.9601302498389,1,10,-0.077361160610907,0.003675456868211504
1772322325.2376802,0.5083333333333333,-0.865625,302.67639485100256,1,11,-0.07799085457949699,0.003297344949635127
1772322334.4092736,0.20833333333333334,-0.603125,199.37151250868314,2,11,-0.07820225107718476,0.0033506887744296043
1772322334.574039,0.12083333333333333,-0.59375,192.20041623263984,3,11,-0.07814198054981245,0.0034280496049234
1772322334.7493386,-0.004166666666666667,-0.6,192.00260414900626,3,11,-0.07814198054981245,0.0034280496049234
1772322334.9178014,-0.275,-0.5625,191.7185437040455,3,11,-0.07814198054981245,0.0034280496049234
1772322335.0780067,-0.5166666666666667,-0.496875,201.63581031156147,3,12,-0.07347262201255991,0.0030970499982772856
1772322335.2474744,-0.7208333333333333,-0.484375,232.28000344411913,3,13,-0.06506224120748505,0.0027318404750908158
1772322347.9129016,-0.15833333333333333,-0.94375,304.381339769704,3,14,-0.06301209103956225,0.0019914488383418047
1772322366.4407332,-0.14583333333333334,-0.928125,299.0551788550066,4,14,-0.06336085432302357,0.002231613531331647
1772322366.6099808,0.0375,-0.946875,303.1336338976591,4,15,-0.06354952868989568,0.0017082608475990505
1772322366.7848141,0.17916666666666667,-0.91875,297.1279185805333,5,15,-0.06341135764708439,0.0018601880400592075
1772322366.9659224,0.45,-0.88125,301.97350877187887,5,16,-0.06325341623613263,0.0016336091489549264
1772322594.3599267,-0.5875,-0.56875,230.2281477143922,6,16,-0.06203689994259697,0.0016355088002688598
1772322594.5682764,-0.9625,-0.484375,278.18339274658365,6,17,-0.05314376025317246,0.0013402019622472453
1772322600.7472699,-0.11666666666666667,-0.41875,136.8941196691808,7,17,-0.053833052754239545,0.0014830182187790845
1772322600.9443011,-0.21666666666666667,-0.421875,144.66858677681205,7,18,-0.053378794049099273,0.0013973720781352403
1772322601.1517863,-0.14583333333333334,-0.421875,139.46325680981354,8,18,-0.05361085101225075,0.001450294751734407
1772322601.349272,0.25416666666666665,-0.478125,164.7118696390761,8,19,-0.054226042838050305,0.0013466522048678554
1772322601.609841,0.5041666666666667,-0.446875,187.32325002519042,8,20,-0.05303617460853669,0.0013487205961163634
1772322601.8194788,0.8083333333333333,-0.440625,239.82702099638396,8,21,-0.04887263903408556,0.001418033615170184
1772322602.7267735,0.32083333333333336,-0.659375,224.61077445216202,9,21,-0.05011580155660462,0.001317568352357148
1773087522.4679234,-0.7375,0.246875,193.82982226685345,0,0,-0.10416666666666666,0.00625
1773087522.7343447,0.3375,0.21875,107.05606008068857,0,0,-0.10416666666666666,0.00625
1773087523.003108,0.14166666666666666,0.084375,43.41658669218482,0,0,-0.10416666666666666,0.00625
1773087523.2901173,-0.041666666666666664,0.03125,14.142135623730951,0,0,-0.10416666666666666,0.00625
1773087523.509519,-0.1875,-0.03125,46.09772228646444,0,0,-0.10416666666666666,0.00625
1773087523.7376425,-0.2875,-0.034375,69.87131027825369,0,0,-0.10416666666666666,0.00625
1773087523.9761727,-0.3541666666666667,-0.00625,85.0235261559999,0,0,-0.10416666666666666,0.00625
1773087524.2065704,-0.4583333333333333,0.015625,110.11357772772621,0,0,-0.10416666666666666,0.00625
1773087524.4410295,-0.525,0.009375,126.03570922560003,0,0,-0.10416666666666666,0.00625
1773087524.686177,-0.5458333333333333,0.015625,131.0953851209111,0,0,-0.10416666666666666,0.00625
1773087524.8863528,-0.575,0.015625,138.0905500025255,0,0,-0.10416666666666666,0.00625
1773087525.0784125,-0.6416666666666667,0.021875,154.1590088188167,0,0,-0.10416666666666666,0.00625
1773087525.3139412,-0.7333333333333333,0.0375,176.40861656959956,0,0,-0.10416666666666666,0.00625
1773087525.5292916,-0.7916666666666666,0.0625,191.049731745428,0,0,-0.10416666666666666,0.00625
1773087530.3629189,-0.8541666666666666,-0.05625,205.7887266105702,0,0,-0.10416666666666666,-0.0071874999999999994
1773087530.644931,-0.8,0.0125,192.04166214652486,0,0,-0.10416666666666666,-0.0071874999999999994
1773087530.8711143,-0.8125,0.05625,195.82900704441107,0,0,-0.10416666666666666,-0.0071874999999999994
1773087531.1028283,-0.825,0.065625,199.11052207254141,0,0,-0.10416666666666666,-0.0071874999999999994
1773087531.3481395,-0.8333333333333334,0.08125,201.6829194552677,0,0,-0.10416666666666666,-0.0071874999999999994
1773087531.5648797,-0.8375,0.08125,202.6746160721663,0,0,-0.0016666666666666607,0.0071874999999999994
1773087531.8483055,-0.8291666666666667,0.1125,202.23006700290637,0,0,-0.0016666666666666607,0.0071874999999999994
1773087532.0526152,-0.8375,0.1,203.5313243704762,0,0,-0.0016666666666666607,0.0071874999999999994
1773087532.2616777,-0.8375,0.096875,203.37649815059754,0,0,-0.0016666666666666607,0.0071874999999999994
1773087532.4601665,-0.8333333333333334,0.10625,202.86941612771503,0,0,-0.0016666666666666607,0.0071874999999999994
1773087532.6984503,-0.8291666666666667,0.103125,201.71762441591463,1,0,-0.0016600952329282343,0.006904691548665364
1773087532.954802,-0.8041666666666667,0.0875,195.020511741714,2,0,-0.0016564191342704284,0.006647325177935812
1773087533.1787019,-0.7166666666666667,0.0625,173.1588865753069,3,0,-0.001666573304404125,0.006455208810039564
1773087533.3922756,-0.7125,0.046875,171.6566340110396,4,0,-0.0016928275029978305,0.006318066424571427
1773087533.5950508,-0.675,0.0375,162.4438364481706,5,0,-0.0017345317796620264,0.0062024308227444395
1773087533.8124318,-0.6041666666666666,0.03125,145.34441853748632,6,0,-0.0017780834650892162,0.0061061450307111406
1773087534.0730283,-0.5416666666666666,0.03125,130.38404810405297,7,0,-0.0018165002761841931,0.006016037547811134
1773087534.3208854,-0.4875,0.025,117.27318534089538,8,0,-0.001846235650741275,0.005949128747884888
1773087534.5349088,-0.48333333333333334,0.03125,116.43023662262307,9,0,-0.0018758246306638485,0.0058715995445981824
1773087534.727107,-0.38333333333333336,0.0125,92.0869154657707,10,0,-0.0018959518001588293,0.005840105548189114
1773087534.9489515,-0.375,0.009375,90.0499861188218,11,0,-0.001918848023917499,0.005820915461641607
1773087535.1480691,-0.3125,0.00625,75.02666192761077,12,0,-0.0019391561623916184,0.005808190710303215
1773087535.3523035,-0.23333333333333334,0.009375,56.08029957123981,13,0,-0.0019525062078197253,0.005792070272213277
1773087535.581723,-0.22083333333333333,0.009375,53.08483775994799,14,0,-0.001960444914432751,0.005779965180563492
1773087535.7966359,-0.11666666666666667,0.053125,32.7566787083184,15,0,-0.001964348272640447,0.005714692782787174
1773087535.9896553,-0.09583333333333334,0.053125,28.600699292150182,15,0,-0.001964348272640447,0.005714692782787174
1773087536.1764054,-0.05416666666666667,0.0625,23.853720883753127,15,0,-0.001964348272640447,0.005714692782787174
1773087536.4029634,-0.05416666666666667,0.059375,23.021728866442675,15,0,-0.001964348272640447,0.005714692782787174
1773087536.6313152,0.008333333333333333,0.05625,18.110770276274835,15,0,-0.001964348272640447,0.005714692782787174
1773087536.852547,0.03333333333333333,0.053125,18.788294228055936,15,0,-0.001964348272640447,0.005714692782787174
1773087537.056378,0.03333333333333333,0.059375,20.615528128088304,15,0,-0.001964348272640447,0.005714692782787174
1773087537.2863655,0.025,0.05625,18.973665961010276,15,0,-0.001964348272640447,0.005714692782787174
1773087537.4817917,0.020833333333333332,0.05625,18.681541692269406,15,0,-0.001964348272640447,0.005714692782787174
1773087537.6831954,0.016666666666666666,0.05625,18.439088914585774,15,0,-0.001964348272640447,0.005714692782787174
1773087537.910925,0.0125,0.059375,19.235384061671343,15,0,-0.001964348272640447,0.005714692782787174
1773087538.1224766,0.020833333333333332,0.05625,18.681541692269406,15,0,-0.001964348272640447,0.005714692782787174
1773087538.3197951,0.020833333333333332,0.05625,18.681541692269406,15,0,-0.001964348272640447,0.005714692782787174
1773087538.5333,0.029166666666666667,0.05625,19.313207915827967,15,0,-0.001964348272640447,0.005714692782787174
1773087538.776611,0.03333333333333333,0.05625,19.697715603592208,15,0,-0.001964348272640447,0.005714692782787174
1773087539.004138,0.0375,0.05625,20.12461179749811,15,0,-0.001964348272640447,0.005714692782787174
1773087539.2296417,0.041666666666666664,0.053125,19.72308292331602,15,0,-0.001964348272640447,0.005714692782787174
1773087539.4535434,0.05,0.05,20.0,15,0,-0.001964348272640447,0.005714692782787174
1773087539.6693652,0.05,0.05,20.0,15,0,-0.001964348272640447,0.005714692782787174
1773087539.8952446,0.03333333333333333,0.040625,15.264337522473747,15,0,-0.001964348272640447,0.005714692782787174
1773087540.0780306,-0.029166666666666667,0.01875,9.219544457292887,15,0,-0.001964348272640447,0.005714692782787174
1773087540.313903,-0.075,-0.03125,20.591260281974,15,0,-0.001964348272640447,0.005714692782787174
1773087540.52046,-0.03333333333333333,-0.16875,54.589376255824725,15,1,-0.001960120484346647,0.0055661486069483
1773087540.7290447,0.008333333333333333,-0.340625,109.01834707974616,15,2,-0.001964482633483284,0.005368520029224016
1773087540.9792378,0.008333333333333333,-0.43125,138.01449199268893,15,3,-0.001972904564429577,0.005235303917834562
1773087541.2022364,0.0,-0.484375,155.0,15,4,-0.001972904564429577,0.005039956354600301
1773087541.4731507,0.004166666666666667,-0.484375,155.00322577288512,15,4,-0.001972904564429577,0.005039956354600301
1773087541.7173388,0.025,-0.4625,148.12157169028418,16,4,-0.0019562789634114835,0.00515335435164891
1773087541.9438558,0.03333333333333333,-0.453125,145.2205219657332,17,4,-0.001934741558458809,0.005208677227020374
1773087542.1683946,0.03333333333333333,-0.446875,143.22360140703069,18,4,-0.0019132150683784412,0.005241234249228459
1773087542.3982134,0.041666666666666664,-0.440625,141.35416513141735,19,4,-0.0018860878080149193,0.005272467156974788
1773087542.6201117,0.05416666666666667,-0.425,136.61991070118586,20,4,-0.0018506560208157697,0.005281867369242782
1773087542.839338,0.0625,-0.4,128.87590930814028,21,4,-0.0018105786945536745,0.0052592566365180175
1773087543.0843756,0.075,-0.340625,110.47624178980746,22,4,-0.0017646236731341006,0.005218805244865557
1773087543.2835357,0.075,-0.334375,108.50345616615168,23,4,-0.0017252004452683353,0.005143661894466281
1773087543.5284204,0.0625,-0.3375,109.03669107231748,23,4,-0.0017252004452683353,0.005143661894466281
1773087543.7499032,0.04583333333333333,-0.340625,109.55363982999378,23,4,-0.0017252004452683353,0.005143661894466281
1773087543.9584002,0.04583333333333333,-0.346875,111.5437134042076,23,5,-0.0017745252589277984,0.005188193700396153
1773087544.1664152,0.0625,-0.35,113.0,23,5,-0.0017745252589277984,0.005188193700396153
1773087544.3834543,0.07083333333333333,-0.35,113.28283188550682,23,5,-0.0017745252589277984,0.005188193700396153
1773087544.6078463,0.07916666666666666,-0.2875,93.94147114027967,24,5,-0.0017322789638185634,0.005131480996163821
1773087544.8346112,0.07916666666666666,-0.284375,92.9623579735368,25,5,-0.0016974876540934312,0.005051410478581666
1773087545.031753,0.07083333333333333,-0.284375,92.57429448826494,25,5,-0.0016974876540934312,0.005051410478581666
1773087545.2375765,0.07083333333333333,-0.284375,92.57429448826494,25,5,-0.0016974876540934312,0.005051410478581666
1773087545.446901,0.06666666666666667,-0.28125,91.41115905621152,26,5,-0.001668134539730908,0.0049841107387313425
1773087545.664176,0.06666666666666667,-0.28125,91.41115905621152,26,5,-0.001668134539730908,0.0049841107387313425
1773087545.8854754,0.058333333333333334,-0.28125,91.0823802938856,26,5,-0.001668134539730908,0.0049841107387313425
1773087546.0877674,0.05416666666666667,-0.28125,90.93404203047393,26,5,-0.001668134539730908,0.0049841107387313425
1773087546.2892435,0.058333333333333334,-0.225,73.348483283569,27,5,-0.0016423260647171864,0.0049504240525390574
1773087546.4933183,0.058333333333333334,-0.1875,61.61168720299745,28,5,-0.0016216864614548476,0.004912019249285648
1773087546.7050316,0.058333333333333334,-0.19375,63.56099432828282,28,6,-0.0016560559751032063,0.004999638766448861
1773087546.8982368,0.05416666666666667,-0.190625,62.369864518050704,29,6,-0.0016396917339184696,0.004957567598922701
1773087547.1180866,0.0625,-0.175,57.97413216254298,30,6,-0.0016209961677821488,0.004922567981654628
1773087547.3883069,0.07083333333333333,-0.171875,57.56735185849702,30,6,-0.0016209961677821488,0.004922567981654628
1773087547.605311,0.07916666666666666,-0.16875,57.245087125446844,30,6,-0.0016209961677821488,0.004922567981654628
1773087547.810621,0.0875,-0.16875,57.9396237474839,30,6,-0.0016209961677821488,0.004922567981654628
1773087548.000366,0.09166666666666666,-0.16875,58.309518948453004,30,6,-0.0016209961677821488,0.004922567981654628
1773087548.195513,0.09583333333333334,-0.165625,57.77542730261716,30,6,-0.0016209961677821488,0.004922567981654628
1773087548.414811,0.08333333333333333,-0.16875,57.584720195551874,30,6,-0.0016209961677821488,0.004922567981654628
1773087548.6312838,0.07083333333333333,-0.165625,55.65968020030299,31,6,-0.0016026103812457587,0.004860233757314525
1773087548.8586502,0.07083333333333333,-0.165625,55.65968020030299,31,6,-0.0016026103812457587,0.004860233757314525
1773087549.088331,0.075,-0.165625,55.97320787662612,31,6,-0.0016026103812457587,0.004860233757314525
1773087549.2997394,0.07916666666666666,-0.165625,56.302753041036986,31,6,-0.0016026103812457587,0.004860233757314525
1773087549.5398285,0.0875,-0.1625,56.08029957123981,31,6,-0.0016026103812457587,0.004860233757314525
1773087549.762507,0.09166666666666666,-0.16875,58.309518948453004,31,7,-0.0016483708729457007,0.004996752270303282
1773087549.9624233,0.09583333333333334,-0.16875,58.69412236331676,31,7,-0.0016483708729457007,0.004996752270303282
1773087550.158386,0.1,-0.1,40.0,32,7,-0.0016227427843436579,0.004952288297995231
1773087550.3693416,0.10416666666666667,-0.103125,41.400483088968905,32,7,-0.0016227427843436579,0.004952288297995231
1773087550.5986493,0.1,-0.1125,43.266615305567875,32,8,-0.0016525291656929607,0.005071190365508961
1773087550.8101737,0.09583333333333334,-0.103125,40.22437072223753,33,8,-0.001636796882725875,0.005019903484720572
1773087551.029525,0.0875,-0.103125,39.11521443121589,34,8,-0.001623664604150237,0.004970372093843073
1773087551.2314622,0.0875,-0.103125,39.11521443121589,34,8,-0.001623664604150237,0.004970372093843073
1773087551.4682899,0.0875,-0.1,38.27531841800928,35,8,-0.001610374618526242,0.004926916746192899
1773087551.7072232,-0.004166666666666667,-0.096875,31.016124838541646,36,8,-0.0016109875534384853,0.004884572099900982
1773087551.9824035,-0.0375,-0.1,33.24154027718932,36,9,-0.0015991065723621719,0.004869482954844741
1773087552.2053502,-0.041666666666666664,-0.1,33.52610922848042,36,9,-0.0015991065723621719,0.004869482954844741
1773087552.4354706,-0.041666666666666664,-0.021875,12.206555615733702,36,9,-0.0015991065723621719,0.004869482954844741
1773087552.6631713,-0.041666666666666664,-0.025,12.806248474865697,36,9,-0.0015991065723621719,0.004869482954844741
1773087552.8905807,-0.0375,-0.01875,10.816653826391969,36,9,-0.0015991065723621719,0.004869482954844741
1773087553.1221757,-0.025,-0.01875,8.48528137423857,36,9,-0.0015991065723621719,0.004869482954844741
1773087553.3413594,-0.008333333333333333,-0.01875,6.324555320336759,36,9,-0.0015991065723621719,0.004869482954844741
1773087553.586082,-0.004166666666666667,-0.021875,7.0710678118654755,36,9,-0.0015991065723621719,0.004869482954844741
1773087553.820749,-0.008333333333333333,-0.028125,9.219544457292887,36,9,-0.0015991065723621719,0.004869482954844741
1773087554.0541947,-0.020833333333333332,-0.03125,11.180339887498949,36,9,-0.0015991065723621719,0.004869482954844741
1773087554.2959976,-0.03333333333333333,-0.028125,12.041594578792296,36,9,-0.0015991065723621719,0.004869482954844741
1773087554.5516474,-0.041666666666666664,-0.028125,13.45362404707371,36,9,-0.0015991065723621719,0.004869482954844741
1773087554.8060575,-0.0375,-0.01875,10.816653826391969,36,9,-0.0015991065723621719,0.004869482954844741
1773087555.026696,-0.041666666666666664,-0.0125,10.770329614269007,36,9,-0.0015991065723621719,0.004869482954844741
1773087555.290177,-0.04583333333333333,-0.0125,11.704699910719626,36,9,-0.0015991065723621719,0.004869482954844741
1773087555.5565445,-0.058333333333333334,0.003125,14.035668847618199,36,9,-0.0015991065723621719,0.004869482954844741
1773087555.795577,-0.11666666666666667,0.040625,30.870698080866262,36,10,-0.0015978966121619241,0.004895955249781643
1773087556.0654566,-0.4083333333333333,0.128125,106.23088063270491,36,11,-0.0016350350307140437,0.005057935759552879
1773087574.2730644,-0.9208333333333333,0.11875,224.24317157942625,36,12,-0.0018827251517764744,0.005579134231162216
1773087574.567214,-0.5416666666666666,0.11875,135.4400236266961,37,12,-0.0018818603813546449,0.005029634444154694
1773087574.8864896,-0.0375,0.146875,47.853944456021594,38,12,-0.001878853787737345,0.0046112617562340166
1773087575.1563387,0.5541666666666667,0.1125,137.78606605894515,38,13,-0.0016236169741466033,0.004639992423716914
1773087575.4313407,0.8625,0.1125,210.10711553871752,38,14,-0.0011394791372992892,0.00395284159958082
1773087582.149712,0.6625,0.0,159.0,39,14,-0.0013309504170024692,0.00395284159958082
1773087582.4522097,0.575,0.0,138.0,40,14,-0.0013867213986949259,0.00395284159958082
1773087582.762643,0.5958333333333333,0.05625,144.12841496387864,40,15,-0.0012822001622712098,0.0036067596486507236
1773087583.0643244,0.5875,0.140625,148.00675660252813,40,16,-0.0010772460099811997,0.0027715059669219605
1773087583.3692226,0.5,0.14375,128.51459061133875,41,16,-0.0012246645000373911,0.003163025357135132
1773087583.675932,0.44583333333333336,0.23125,130.09611831257686,41,17,-0.000958723516410452,0.0020500668572251916
1773087583.9788084,0.37083333333333335,0.2375,117.0341830406826,42,17,-0.0011126001908154577,0.0025364731393082056
1773087584.2857466,0.3,0.234375,103.96634070698074,43,17,-0.0012403505277910026,0.0029483563558587935
1773087584.597763,0.20833333333333334,0.23125,89.30845424706443,44,17,-0.0013276314419472788,0.0032863267530230016
1773087584.8909633,0.17916666666666667,0.2375,87.32124598286491,45,17,-0.0014003490849855684,0.0035363461720954816
1773087585.2030234,0.1,0.2375,79.6994353806851,46,17,-0.001441919574978899,0.0037571131629676193
1773087585.5032055,0.06666666666666667,0.234375,76.68767828015137,47,17,-0.001469022694159196,0.003889869762706369
1773087585.8273854,0.07916666666666666,0.24375,80.2807573457052,47,18,-0.0014058834053650208,0.0036886565702071174
1773087586.130957,0.08333333333333333,0.234375,77.62087348130012,48,18,-0.0014400960862298497,0.0037986671394212874
1773087586.4316287,-0.016666666666666666,0.23125,74.10802925459562,49,18,-0.0014334515642957467,0.003911579118682435
1773087586.7539196,-0.0125,0.23125,74.06078584514209,49,18,-0.0014334515642957467,0.003911579118682435
1773087587.068929,-0.025,0.221875,71.25307010929424,50,18,-0.0014239339396351998,0.003920667548814002
1773087587.386122,-0.025,0.221875,71.25307010929424,50,18,-0.0014239339396351998,0.003920667548814002
1773087587.6997745,-0.025,0.21875,70.25667228100119,51,18,-0.0014148012435760866,0.003915989339018095
1773087588.009329,-0.09166666666666666,0.21875,73.37574531137656,51,19,-0.0014811780824276664,0.003925985282629495
1773087588.3188956,-0.0875,0.225,75.0,51,20,-0.001541937993735958,0.004076631218228369
1773087588.6306815,-0.08333333333333333,0.225,74.72616676907762,51,20,-0.001541937993735958,0.004076631218228369
1773087588.9507508,-0.07916666666666666,0.225,74.46475676452586,51,20,-0.001541937993735958,0.004076631218228369
1773087589.2767296,-0.07916666666666666,0.221875,73.49829930005184,52,20,-0.0015138190413477271,0.004016880602969836
1773087589.5941231,-0.07916666666666666,0.221875,73.49829930005184,52,20,-0.0015138190413477271,0.004016880602969836
1773087589.915397,-0.08333333333333333,0.21875,72.80109889280519,52,20,-0.0015138190413477271,0.004016880602969836
1773087590.2223058,-0.07916666666666666,0.21875,72.53275122315436,52,20,-0.0015138190413477271,0.004016880602969836
1773087590.5436318,-0.07916666666666666,0.221875,73.49829930005184,52,20,-0.0015138190413477271,0.004016880602969836
1773087590.871718,-0.075,0.21875,72.27724399837061,53,20,-0.0014874013881770339,0.003957305389038224
1773087591.1889338,-0.07916666666666666,0.21875,72.53275122315436,53,20,-0.0014874013881770339,0.003957305389038224
1773087591.523115,-0.075,0.21875,72.27724399837061,53,20,-0.0014874013881770339,0.003957305389038224
1773087591.8409028,-0.07083333333333333,0.21875,72.03471385380801,53,20,-0.0014874013881770339,0.003957305389038224
1773087592.1626716,-0.06666666666666667,0.228125,74.73285756613352,53,21,-0.0015341395477248693,0.004065130888497448
1773087592.471711,-0.07083333333333333,0.225,73.97972695272672,53,21,-0.0015341395477248693,0.004065130888497448
1773087592.7862725,-0.075,0.225,74.21590126111789,53,21,-0.0015341395477248693,0.004065130888497448
1773087593.101415,-0.075,0.228125,75.18643494673756,53,21,-0.0015341395477248693,0.004065130888497448
1773087593.3935487,-0.07083333333333333,0.228125,74.95331880577403,53,21,-0.0015341395477248693,0.004065130888497448
1773087593.6998959,-0.05416666666666667,0.23125,75.13321502504735,53,21,-0.0015341395477248693,0.004065130888497448
1773087594.0865874,0.05,0.234375,75.95393340703298,53,21,-0.0015341395477248693,0.004065130888497448
1773087594.4078329,0.15833333333333333,0.225,81.41252974819048,53,22,-0.0014099092640669705,0.00391273032358052
1773087594.6955829,0.12083333333333333,0.290625,97.41663102366043,53,23,-0.001315973366549765,0.0034270722212660356
1773087594.9989457,0.09166666666666666,0.30625,100.43903623591775,53,24,-0.0012278593647079283,0.0030163170815839043
1773087595.3496392,0.15416666666666667,0.30625,104.75208828467335,53,25,-0.0010766237795408363,0.0026941388554409564
1773087595.6696854,0.23333333333333334,0.30625,112.8716084761797,53,26,-0.0008497071269655703,0.0022030605960272525
1773087596.0012026,0.23333333333333334,0.271875,103.46496991735899,54,26,-0.0009616530613293122,0.002513194622751234
1773087596.3273537,0.25,0.28125,108.16653826391968,54,27,-0.000744083624449112,0.0018671638552542477
1773087596.6903787,0.2625,0.28125,109.85900054160332,54,28,-0.0005143961354099934,0.0011966753867901823
1773087597.0260422,0.2708333333333333,0.28125,111.01801655587259,54,28,-0.0005143961354099934,0.0011966753867901823
1773087597.3495388,0.2791666666666667,0.278125,111.40017953306898,54,28,-0.0005143961354099934,0.0011966753867901823
1773087597.6559784,0.2791666666666667,0.2375,101.31633629380802,55,28,-0.0006318335246789878,0.0015016094603350683
1773087597.9744868,0.2916666666666667,0.23125,101.86265262597475,55,28,-0.0006318335246789878,0.0015016094603350683
1773087598.2901685,0.23333333333333334,0.2125,88.09086218218096,56,28,-0.0007157052869081976,0.0017890941781220694
1773087598.6040936,0.24166666666666667,0.20625,87.86353054595519,56,28,-0.0007157052869081976,0.0017890941781220694
1773087598.920476,0.2,0.20625,81.60882305241266,57,28,-0.0007803592571533332,0.0020238647037339875
1773087599.2273533,0.20416666666666666,0.1875,77.46612162745726,58,28,-0.0008462896959682951,0.002203744519293745
1773087599.5421617,0.15833333333333333,0.1875,71.02112361825881,59,28,-0.0008935071814107416,0.002387930225175457
1773087599.8746986,0.15,0.18125,68.26419266350405,60,28,-0.0009378958735412396,0.0025290357770465653
1773087600.2266095,0.15,0.184375,69.1158447825099,60,28,-0.0009378958735412396,0.0025290357770465653
1773087600.5372949,0.15,0.190625,70.83078426785913,60,29,-0.0008502199496325641,0.0022453480605926805
1773087600.8413084,0.07083333333333333,0.134375,46.238512086787566,61,29,-0.0008713178248409532,0.002344275711473979
1773087601.1394334,0.075,0.13125,45.69463863518345,61,29,-0.0008713178248409532,0.002344275711473979
1773087601.455984,0.075,0.121875,42.95346318982906,62,29,-0.000886556762269071,0.002390446533829225
1773087601.7835908,0.075,0.121875,42.95346318982906,62,29,-0.000886556762269071,0.002390446533829225
1773087602.1165066,0.075,0.115625,41.14608122288197,63,29,-0.000900780041092623,0.002434068766742245
1773087602.4482553,0.020833333333333332,0.1125,36.345563690772494,64,29,-0.000904544410126776,0.00247641581333236
1773087602.7761884,0.07916666666666666,0.1,37.21558813185679,64,29,-0.000904544410126776,0.00247641581333236
1773087603.1197135,0.10416666666666667,0.1,40.607881008493905,64,30,-0.0008716390611251616,0.002398023621247746
1773087603.461135,0.11666666666666667,0.06875,35.608987629529715,65,30,-0.0008902717371209918,0.0024327655973697565
1773087603.792297,0.11666666666666667,0.0875,39.59797974644666,65,31,-0.0008635687297143855,0.0023355375019832904
1773087604.1956463,0.09166666666666666,0.103125,39.66106403010388,65,31,-0.0008635687297143855,0.0023355375019832904
1773087604.5646996,0.17916666666666667,0.109375,55.44366510251645,65,32,-0.0008051586309769171,0.002237698179254205
1773087604.9050796,0.3375,0.084375,85.38149682454625,65,33,-0.0006842742594390011,0.0020949051177288408
1773087605.2447906,0.36666666666666664,0.08125,91.76055797563569,65,34,-0.0005735149125152411,0.001844412421434084
1773087605.5707955,0.44166666666666665,0.06875,108.25894882179486,65,35,-0.0004464110416138212,0.0016210469904876757
1773087605.9263124,0.4375,0.053125,106.36728820459794,66,35,-0.0005005383440131593,0.001720892405040078
1773087606.2373927,0.4,0.053125,97.49358953285082,67,35,-0.000541726052451172,0.0018217872211713914
1773087606.6005757,0.2833333333333333,0.053125,70.09279563550022,68,35,-0.0005708382057438267,0.0019158867745181498
1773087606.9440238,0.25833333333333336,0.05,64.03124237432849,69,35,-0.0005958283009408357,0.0019795846318132614
1773087607.276657,0.18333333333333332,0.0375,45.60701700396552,70,35,-0.0006125591134508692,0.002023518914727579
1773087607.6061306,0.14583333333333334,0.034375,36.68787265568828,71,35,-0.0006224922643022456,0.0020522700388607967
1773087607.947573,0.14166666666666666,0.015625,34.36568055487916,72,35,-0.0006311491996812523,0.0020627136703853226
1773087608.3221118,0.075,0.0125,18.439088914585774,72,35,-0.0006311491996812523,0.0020627136703853226
1773087608.666542,0.075,0.009375,18.24828759089466,72,35,-0.0006311491996812523,0.0020627136703853226
1773087608.9641118,0.03333333333333333,0.0125,8.94427190999916,72,35,-0.0006311491996812523,0.0020627136703853226
1773087609.39523,0.0375,0.0125,9.848857801796104,72,35,-0.0006311491996812523,0.0020627136703853226
1773087609.7598634,0.0375,0.009375,9.486832980505138,72,35,-0.0006311491996812523,0.0020627136703853226
1773087610.114602,0.025,0.0125,7.211102550927978,72,35,-0.0006311491996812523,0.0020627136703853226
1773087610.4701407,0.020833333333333332,0.009375,5.830951894845301,72,35,-0.0006311491996812523,0.0020627136703853226
1773087610.8001559,0.016666666666666666,0.0125,5.656854249492381,72,35,-0.0006311491996812523,0.0020627136703853226
1773087611.1373508,0.020833333333333332,0.009375,5.830951894845301,72,35,-0.0006311491996812523,0.0020627136703853226
1773087611.4785895,0.03333333333333333,0.009375,8.54400374531753,72,35,-0.0006311491996812523,0.0020627136703853226
1773087611.8085196,-0.05,0.015625,13.0,72,35,-0.0006311491996812523,0.0020627136703853226
1773087612.1626024,-0.025,0.0125,7.211102550927978,72,35,-0.0006311491996812523,0.0020627136703853226
1773087612.5151548,0.0,0.00625,2.0,72,35,-0.0006311491996812523,0.0020627136703853226
1773087612.8667955,0.008333333333333333,0.009375,3.605551275463989,72,35,-0.0006311491996812523,0.0020627136703853226
1773087613.1829484,-0.025,0.015625,7.810249675906654,72,35,-0.0006311491996812523,0.0020627136703853226
1773087613.517315,-0.15416666666666667,0.028125,38.07886552931954,72,36,-0.0006377793647106586,0.002068899277683374
1773087613.8821726,-0.25416666666666665,0.028125,61.66036003787198,72,37,-0.0006535430862202156,0.0021078812477973363
1773087614.2293298,-0.32083333333333336,0.028125,77.52418977325722,72,38,-0.0006686536321369764,0.0021718215561463594
1773087614.6008852,-0.36666666666666664,0.034375,88.68483523128404,72,39,-0.0006820141434167136,0.002268803258506938
1773087614.9507735,-0.4,0.04375,97.01546268507923,72,40,-0.0007008915497698816,0.002406137983008782
1773087615.296827,-0.42083333333333334,0.046875,102.1077861869505,72,41,-0.0007296707692915341,0.0025612714155058467
1773087615.662319,-0.44166666666666665,0.05,107.20074626605917,72,42,-0.000761367705449318,0.0027288159212957987
1773087616.0051112,-0.45416666666666666,0.046875,110.0272693471941,72,43,-0.0007952444965129157,0.002886816316659285
1773087616.324515,-0.4583333333333333,0.04375,110.8873302050329,72,43,-0.0007952444965129157,0.002886816316659285
1773087616.695598,-0.4625,0.0375,111.64676439557037,72,43,-0.0007952444965129157,0.002886816316659285
1773087617.044369,-0.375,0.028125,90.44888059008801,73,43,-0.0007895289297135754,0.0028392636630671883
1773087617.4127274,-0.37916666666666665,0.021875,91.26883367283708,73,43,-0.0007895289297135754,0.0028392636630671883
1773087617.7526631,-0.26666666666666666,0.0125,64.1248781675256,74,43,-0.0007896455924907372,0.002821569982024509
1773087618.091272,-0.2708333333333333,0.015625,65.19202405202648,74,43,-0.0007896455924907372,0.002821569982024509
1773087618.4259467,-0.275,0.01875,66.27216610312357,74,43,-0.0007896455924907372,0.002821569982024509
1773087618.8122492,-0.2,0.0125,48.16637831516918,75,43,-0.0007888528162332423,0.0028086052786773985
1773087619.165938,-0.20416666666666666,0.015625,49.25444142409901,75,43,-0.0007888528162332423,0.0028086052786773985
1773087619.5315316,-0.20833333333333334,0.01875,50.35871324805669,75,43,-0.0007888528162332423,0.0028086052786773985
1773087619.900953,-0.20833333333333334,0.01875,50.35871324805669,75,43,-0.0007888528162332423,0.0028086052786773985
1773087620.275057,-0.0875,0.009375,21.213203435596427,75,43,-0.0007888528162332423,0.0028086052786773985
1773087620.6313226,-0.09583333333333334,0.009375,23.194827009486403,75,43,-0.0007888528162332423,0.0028086052786773985
1773087620.9781153,-0.09166666666666666,0.009375,22.20360331117452,75,43,-0.0007888528162332423,0.0028086052786773985
1773087621.3141136,-0.0875,0.00625,21.095023109728988,75,43,-0.0007888528162332423,0.0028086052786773985
1773087621.6592548,-0.0875,0.003125,21.02379604162864,75,43,-0.0007888528162332423,0.0028086052786773985
1773087621.9803722,-0.016666666666666666,0.0,4.0,75,43,-0.0007888528162332423,0.0028086052786773985
1773087622.3203554,-0.020833333333333332,0.0,5.0,75,43,-0.0007888528162332423,0.0028086052786773985
1773087622.6253436,-0.016666666666666666,0.0,4.0,75,43,-0.0007888528162332423,0.0028086052786773985
1773087622.9269118,-0.016666666666666666,0.00625,4.47213595499958,75,43,-0.0007888528162332423,0.0028086052786773985
1773087623.240384,-0.0125,0.00625,3.605551275463989,75,43,-0.0007888528162332423,0.0028086052786773985
1773087623.5872586,-0.008333333333333333,0.00625,2.8284271247461903,75,43,-0.0007888528162332423,0.0028086052786773985
1773087623.8847547,-0.0125,-0.00625,3.605551275463989,75,43,-0.0007888528162332423,0.0028086052786773985
1773087624.1740346,-0.029166666666666667,0.0,7.0,75,43,-0.0007888528162332423,0.0028086052786773985
1773087624.4953701,-0.029166666666666667,-0.06875,23.08679276123039,75,43,-0.0007888528162332423,0.0028086052786773985
1773087624.7896328,0.1375,-0.2375,82.85529554590944,75,44,-0.0008176316668421498,0.002745655257276836
1773087625.083225,0.24166666666666667,-0.365625,130.58713566044705,75,45,-0.0009815353179816802,0.0030772451908191822
1773087625.391259,0.26666666666666666,-0.409375,145.79780519610026,75,46,-0.0012508819415060607,0.003726895422938704
1773087625.717018,0.22916666666666666,-0.44375,152.27934856703322,75,47,-0.0014980874342222408,0.004465184078197389
1773087626.026777,0.15833333333333333,-0.471875,155.7080601638849,75,48,-0.0016764628360689568,0.005061209559799469
1773087626.3243294,0.175,-0.465625,154.80633061990713,76,48,-0.00157455018298321,0.00491186475991616
1773087626.6560626,0.1875,-0.465625,155.64703659241314,76,48,-0.00157455018298321,0.00491186475991616
1773087627.0168738,0.19166666666666668,-0.471875,157.851195750935,76,49,-0.0017987502457569595,0.0053275908350720125
1773087627.345056,0.2,-0.48125,161.3071604114337,76,50,-0.002022373025171456,0.005738932799142772
1773087627.6482942,0.20416666666666666,-0.4875,163.5145253486674,76,51,-0.0022411840249358804,0.006155201679941262
1773087627.9470758,0.2125,-0.48125,162.22515218054195,77,51,-0.0021329062620301644,0.005956934795252987
1773087628.2384715,0.20833333333333334,-0.48125,161.91355718407277,77,51,-0.0021329062620301644,0.005956934795252987
1773087628.543502,0.20416666666666666,-0.48125,161.60754932861275,77,51,-0.0021329062620301644,0.005956934795252987
1773087628.830271,0.20416666666666666,-0.48125,161.60754932861275,77,51,-0.0021329062620301644,0.005956934795252987
1773087629.1333265,0.20833333333333334,-0.478125,160.96272860510285,77,51,-0.0021329062620301644,0.005956934795252987
1773087629.4357736,0.2125,-0.475,160.3277892319357,77,51,-0.0021329062620301644,0.005956934795252987
1773087629.7378614,0.22083333333333333,-0.475,160.9751533622503,77,51,-0.0021329062620301644,0.005956934795252987
1773087630.0323899,0.225,-0.465625,158.48343762046557,78,51,-0.002018939117941915,0.005727144844854443
1773087630.3595617,0.225,-0.45,153.79206741571556,79,51,-0.0019043187406136814,0.005488935720639845
1773087630.661102,0.225,-0.453125,154.72879499304582,79,51,-0.0019043187406136814,0.005488935720639845
1773087630.9506378,0.22916666666666666,-0.459375,156.95222202950808,79,52,-0.002137459029082341,0.005996131205632203
1773087631.2771175,0.22916666666666666,-0.459375,156.95222202950808,79,52,-0.002137459029082341,0.005996131205632203
1773087631.5854928,0.23333333333333334,-0.4625,158.24032355881985,79,52,-0.002137459029082341,0.005996131205632203
1773087631.8978863,0.2375,-0.465625,159.53056133543816,79,52,-0.002137459029082341,0.005996131205632203
1773087632.1972857,0.125,-0.465625,151.99013125857877,80,52,-0.0020760394835948382,0.005736413543727527
1773087632.5024586,0.1,-0.4625,149.9333185119305,81,52,-0.0020230024672326257,0.005661323970709697
1773087632.8218157,0.09583333333333334,-0.403125,131.03434664239754,82,52,-0.0019707358286337007,0.005630245876771638
1773087633.1230268,0.0875,-0.403125,130.6981254647518,82,52,-0.0019707358286337007,0.005630245876771638
1773087633.424626,0.0875,-0.4,129.71121771072848,83,52,-0.0019282500342964594,0.005602294437801454
1773087633.71661,0.08333333333333333,-0.4,129.55307792561317,83,52,-0.0019282500342964594,0.005602294437801454
1773087634.0133965,0.0875,-0.4,129.71121771072848,83,52,-0.0019282500342964594,0.005602294437801454
1773087634.305082,0.09166666666666666,-0.396875,128.89142717807107,84,52,-0.0018832787741450945,0.0055732818003093355
1773087634.6069026,0.09166666666666666,-0.396875,128.89142717807107,84,52,-0.0018832787741450945,0.0055732818003093355
1773087634.906928,0.09583333333333334,-0.4,130.04999038831184,84,52,-0.0018832787741450945,0.0055732818003093355
1773087635.2085185,0.1,-0.315625,103.81233067415451,85,52,-0.0018334918641601838,0.005540176415016886
1773087635.5081816,0.09166666666666666,-0.3125,102.39140588936164,86,52,-0.0017973933195535286,0.005486081908969906
1773087635.81512,0.08333333333333333,-0.309375,101.0,87,52,-0.001764395104755525,0.005440736149580624
1773087636.1074235,0.07916666666666666,-0.309375,100.80674580602232,87,52,-0.001764395104755525,0.005440736149580624
1773087636.411203,0.07916666666666666,-0.3125,101.78899744078434,87,52,-0.001764395104755525,0.005440736149580624
1773087636.7735643,0.07916666666666666,-0.28125,91.98369420718001,88,52,-0.0017324950157889525,0.005411898417611741
1773087637.0964634,0.07916666666666666,-0.28125,91.98369420718001,88,52,-0.0017324950157889525,0.005411898417611741
1773087637.4466805,0.08333333333333333,-0.278125,91.21951545584969,88,52,-0.0017324950157889525,0.005411898417611741
1773087637.7763045,0.016666666666666666,-0.278125,89.08984229416954,89,52,-0.0017264969338200429,0.005373154610464792
1773087638.1202607,0.029166666666666667,-0.221875,71.34423592694787,90,52,-0.0017155400934597408,0.005396097799779349
1773087638.4454296,0.03333333333333333,-0.21875,70.45565981523414,91,52,-0.0017055820395637177,0.005401565432883768
1773087638.7438571,0.0375,-0.221875,71.56814934033156,91,52,-0.0017055820395637177,0.005401565432883768
1773087639.025927,0.03333333333333333,-0.21875,70.45565981523414,92,52,-0.0016956218709887206,0.005400394032646324
1773087639.3206654,0.029166666666666667,-0.21875,70.34912934784623,92,52,-0.0016956218709887206,0.005400394032646324
1773087639.598204,0.029166666666666667,-0.21875,70.34912934784623,92,52,-0.0016956218709887206,0.005400394032646324
1773087639.8978631,0.029166666666666667,-0.21875,70.34912934784623,92,52,-0.0016956218709887206,0.005400394032646324
1773087640.1894126,0.03333333333333333,-0.21875,70.45565981523414,92,52,-0.0016956218709887206,0.005400394032646324
1773087640.4719882,0.029166666666666667,-0.21875,70.34912934784623,92,52,-0.0016956218709887206,0.005400394032646324
1773087640.740653,0.025,-0.21875,70.25667228100119,92,52,-0.0016956218709887206,0.005400394032646324
1773087641.0273635,0.025,-0.21875,70.25667228100119,92,52,-0.0016956218709887206,0.005400394032646324
1773087641.3064423,0.020833333333333332,-0.21875,70.178344238091,92,52,-0.0016956218709887206,0.005400394032646324
1773087641.5881805,0.0125,-0.13125,42.1070065428546,93,52,-0.001691881621226587,0.005407446306704548
1773087641.872268,0.008333333333333333,-0.128125,41.048751503547585,94,52,-0.0016903807534773103,0.005411590088021817
1773087642.1434245,0.004166666666666667,-0.128125,41.012193308819754,94,52,-0.0016903807534773103,0.005411590088021817
1773087642.4150302,0.004166666666666667,-0.13125,42.01190307520001,94,52,-0.0016903807534773103,0.005411590088021817
1773087642.6962926,0.0,-0.13125,42.0,94,52,-0.0016903807534773103,0.005411590088021817
1773087642.980734,0.004166666666666667,-0.134375,43.01162633521314,94,52,-0.0016903807534773103,0.005411590088021817
1773087643.2560153,0.008333333333333333,-0.134375,43.04648650006177,94,52,-0.0016903807534773103,0.005411590088021817
1773087643.537271,0.016666666666666666,-0.13125,42.190046219457976,95,52,-0.0016872879930808597,0.0054180875905152906
1773087643.8240955,0.020833333333333332,-0.13125,42.2965719651132,95,52,-0.0016872879930808597,0.0054180875905152906
1773087644.1019018,0.025,-0.13125,42.42640687119285,95,52,-0.0016872879930808597,0.0054180875905152906
1773087644.3939323,0.029166666666666667,-0.134375,43.56604182158393,95,52,-0.0016872879930808597,0.0054180875905152906
1773087644.6638517,0.029166666666666667,-0.13125,42.579337712087536,96,52,-0.001681977858363869,0.005414595061684491
1773087644.956478,0.029166666666666667,-0.134375,43.56604182158393,96,52,-0.001681977858363869,0.005414595061684491
1773087645.2322354,0.0375,-0.1375,44.91102314577124,96,52,-0.001681977858363869,0.005414595061684491
1773087645.5293512,0.0375,-0.1375,44.91102314577124,96,52,-0.001681977858363869,0.005414595061684491
1773087645.8291616,0.0375,-0.134375,43.93176527297759,97,52,-0.0016750306723581601,0.00540716575944631
1773087646.1237276,0.03333333333333333,-0.134375,43.73785545725808,97,52,-0.0016750306723581601,0.00540716575944631
1773087646.4206388,0.03333333333333333,-0.134375,43.73785545725808,97,52,-0.0016750306723581601,0.00540716575944631
1773087646.7266462,0.03333333333333333,-0.134375,43.73785545725808,97,52,-0.0016750306723581601,0.00540716575944631
1773087647.0057347,0.029166666666666667,-0.05625,19.313207915827967,97,52,-0.0016750306723581601,0.00540716575944631
1773087647.3056498,0.025,-0.046875,16.15549442140351,97,52,-0.0016750306723581601,0.00540716575944631
1773087647.5843978,0.025,-0.046875,16.15549442140351,97,52,-0.0016750306723581601,0.00540716575944631
1773087647.8665738,0.025,-0.046875,16.15549442140351,97,52,-0.0016750306723581601,0.00540716575944631
1773087648.154904,0.03333333333333333,-0.05,17.88854381999832,97,52,-0.0016750306723581601,0.00540716575944631
1773087648.434123,0.041666666666666664,-0.053125,19.72308292331602,97,52,-0.0016750306723581601,0.00540716575944631
1773087648.7142644,0.05,-0.053125,20.808652046684813,97,52,-0.0016750306723581601,0.00540716575944631
1773087649.0088573,0.05,-0.05,20.0,97,52,-0.0016750306723581601,0.00540716575944631
1773087649.295682,0.05416666666666667,-0.05,20.615528128088304,97,52,-0.0016750306723581601,0.00540716575944631
1773087649.5813398,0.0625,-0.053125,22.67156809750927,97,52,-0.0016750306723581601,0.00540716575944631
1773087649.8671803,0.06666666666666667,-0.04375,21.2602916254693,97,52,-0.0016750306723581601,0.00540716575944631
1773087650.150675,0.0875,-0.015625,21.587033144922902,97,52,-0.0016750306723581601,0.00540716575944631
1773087650.4500644,0.06666666666666667,0.046875,21.93171219946131,97,52,-0.0016750306723581601,0.00540716575944631
1773087650.7648537,-0.3125,0.134375,86.45229898620394,97,53,-0.0017237390699576937,0.0053341254691839516
1773087655.0604343,-0.14166666666666666,0.365625,121.8400590938793,97,54,-0.001760185142886572,0.00611675434587757
1773087655.4182265,0.6791666666666667,0.26875,184.29595763336752,97,55,-0.0011081660822701283,0.006261983985549674
1773087659.4963593,-0.13333333333333333,-0.15,57.688820407423826,98,55,-0.0010484121338599952,0.00585889253544373
1773087659.7556834,-0.7166666666666667,-0.115625,175.93464695732902,98,56,-0.0007356697118809502,0.005724157612785281
1778183062.8788242,-0.4041666666666667,0.1875,114.0570032922135,0,0,-0.0016666666666666607,0.0071874999999999994
1778183063.9321253,-0.425,0.1875,118.33849753989612,0,0,-0.0016666666666666607,0.0071874999999999994
1778183064.2617116,-0.4625,0.175,124.32618388738553,0,0,-0.0016666666666666607,0.0071874999999999994
1778183064.5866148,-0.4375,0.184375,120.44085685513866,0,0,-0.0016666666666666607,0.0071874999999999994
1778183064.9133422,-0.4625,0.175,124.32618388738553,0,0,-0.0016666666666666607,0.0071874999999999994
1778183065.2744853,-0.4625,0.175,124.32618388738553,0,0,-0.0016666666666666607,0.0071874999999999994
1778183065.6206355,-0.4375,0.178125,119.47384651043926,0,0,-0.0016666666666666607,0.0071874999999999994
1778183065.9643147,-0.44583333333333336,0.1625,118.9663818059539,0,0,-0.0016666666666666607,0.0071874999999999994
1778183066.3135881,-0.425,0.15,112.72976536833562,0,0,-0.0016666666666666607,-0.0024999999999999996
1778183066.6563406,-0.45,0.146875,117.78370006074695,0,0,-0.0016666666666666607,-0.0024999999999999996
1778183066.9868155,-0.425,0.153125,113.1591799192624,0,0,-0.0016666666666666607,-0.0024999999999999996
1778183067.3285127,-0.42916666666666664,0.13125,111.23398761170077,0,0,-0.0016666666666666607,-0.0024999999999999996
1778183067.6751792,-0.4166666666666667,0.153125,111.35977729862789,0,0,-0.0008333333333333304,0.0024999999999999996
1778183068.0238423,-0.42916666666666664,0.15,113.63538181394033,0,1,-0.0008333333333333304,0.0024999999999999996
1778183068.3598065,-0.4375,0.15,115.45128842936315,0,2,-0.000803422309027775,0.0024345156249999996
1778183069.637145,-0.37083333333333335,0.146875,100.64790112068906,1,2,-0.0008157856096690962,0.0024655718400863644
1778183072.0763118,-0.42916666666666664,0.140625,112.40106761058811,1,3,-0.0007916305190534288,0.0024126376006131526
1778183072.4063606,-0.43333333333333335,0.14375,113.718951806636,1,3,-0.0007916305190534288,0.0024126376006131526
1778183072.7442124,-0.4166666666666667,0.125,107.70329614269008,2,3,-0.0008052068091051806,0.00243811670910898
1778183073.5967882,-0.325,0.125,87.65842800324451,3,3,-0.0008157634363472231,0.002462707628830851
1778183073.9127538,-0.2916666666666667,0.121875,80.1311425102625,4,3,-0.0008229955998224983,0.0024826276701949454
1778183074.232941,-0.29583333333333334,0.034375,71.84705978674423,5,3,-0.0008295591330086051,0.0024878219310433616
1778183075.5364008,-0.11666666666666667,-0.203125,70.77428911688199,6,3,-0.000832570121209953,0.002461340933573453
1778183076.1238818,-0.20416666666666666,-0.0375,50.44799302251776,7,3,-0.0008362072471949568,0.0024616070899063256
1778183077.1254828,-0.21666666666666667,-0.059375,55.362442142665635,7,4,-0.0008274977430148459,0.0024703512431236843
1778183077.8680632,-0.2,-0.090625,56.08029957123981,7,4,-0.0008274977430148459,0.0024703512431236843
1778183078.210898,-0.19583333333333333,-0.140625,65.06919393998976,7,5,-0.0008191282866547226,0.002486312411610957
1778183078.5519521,-0.1875,-0.15,65.79513659838392,7,5,-0.0008191282866547226,0.002486312411610957
1778183078.876885,-0.19166666666666668,-0.159375,68.6804193347711,7,6,-0.0008106826430151633,0.002497407611190925
1778183079.19958,-0.19583333333333333,-0.178125,73.87827826905551,7,7,-0.0008018985515647755,0.0025093255260825926
1778183079.5266714,-0.20833333333333334,-0.178125,75.82216034906945,7,8,-0.0007922814801865519,0.002519822851041643
1778183079.9868002,-0.14583333333333334,0.021875,35.6931365951495,8,8,-0.0007957526167228615,0.0025205665633588337
1778183080.317119,-0.21666666666666667,0.125,65.60487786742691,8,9,-0.0007905209277974461,0.0025044404662000635
1778183080.6287715,-0.19166666666666668,0.13125,62.289646009589745,9,9,-0.0007933661355228121,0.0025202684202529626
1778183080.9527483,-0.18333333333333332,0.121875,58.7962583843564,10,9,-0.0007956686071054829,0.002534051297827537
1778183081.2721205,-0.17916666666666667,0.121875,58.05170109479997,10,9,-0.0007956686071054829,0.002534051297827537
1778183081.6006172,-0.175,0.1375,60.8276253029822,10,10,-0.0007915275261070514,0.0025048786883763636
1778183081.966901,-0.175,0.134375,60.108235708594876,10,10,-0.0007915275261070514,0.0025048786883763636
1778183082.2841322,-0.2,0.125,62.48199740725323,10,11,-0.0007871497925865315,0.0024781927830524334
1778183082.6100261,-0.17916666666666667,0.1,53.600373133029585,11,11,-0.0007895303057173499,0.0024894741789633227
1778183082.9545166,-0.2125,0.08125,57.245087125446844,11,12,-0.0007842813970781577,0.002473497273243291
1778183083.432948,-0.22083333333333333,0.046875,55.08175741568164,12,12,-0.0007877499276904595,0.0024784314571949027
1778183084.617934,-0.18333333333333332,-0.103125,55.0,12,12,-0.0007877499276904595,0.0024784314571949027
1778183084.942992,-0.1375,-0.18125,66.73080248281148,12,13,-0.0007824669112653126,0.0024944163505647857
1778183085.2732968,-0.18333333333333332,-0.228125,85.23496934944014,12,14,-0.0007760358190942762,0.002496351938470217
1778183085.607325,-0.18333333333333332,-0.209375,80.15609770940699,13,14,-0.0007801844850706391,0.0024944063815016027
1778183086.203633,-0.15416666666666667,-0.209375,76.53757247260981,14,14,-0.0007836144242509929,0.002491366235094355
1778183086.528811,-0.18333333333333332,-0.225,84.38009243891595,14,15,-0.0007763138661056524,0.0024927965173280396
1778183086.8453045,-0.1875,-0.225,84.90583018850944,14,15,-0.0007763138661056524,0.0024927965173280396
1778183087.4398384,-0.12083333333333333,-0.209375,73.00684899377592,15,15,-0.0007790816385645104,0.0024902985717636336
1778183087.8018074,-0.14583333333333334,-0.2125,76.47875521999558,15,16,-0.0007741579516532086,0.0024860966445098306
1778183088.1532753,-0.15416666666666667,-0.19375,72.20110802473879,16,16,-0.0007770677550034242,0.002486247289855788
1778183089.0144498,-0.25416666666666665,0.0625,64.19501538281614,17,16,-0.0007819329409277152,0.0024867236080687144
1778183089.4719899,-0.3125,0.103125,81.93900170248598,17,17,-0.0007694667441810085,0.0024625771539038954
1778183089.9331193,-0.3,0.08125,76.55063683601855,18,17,-0.0007764396346809001,0.0024746300023648243
1778183090.5406039,-0.31666666666666665,0.15,89.88882021697692,18,18,-0.0007618018423187677,0.0024328768501813845
1778183091.399559,-0.3416666666666667,0.103125,88.3911760301898,19,18,-0.0007692458940351578,0.0024494423939472464
1778183091.7343614,-0.30833333333333335,0.171875,92.20086767487604,19,19,-0.0007534150556128729,0.002394492478051309
1778183092.0569596,-0.32083333333333336,0.11875,85.86617494683223,20,19,-0.0007598278172514565,0.0024136244317711675
1778183093.6706233,-0.3458333333333333,0.075,86.40023148117139,20,19,-0.0007598278172514565,0.0024136244317711675
1778183094.4129508,-0.37916666666666665,0.06875,93.62157870918435,20,20,-0.0007397349284727408,0.0023927508631094857
1778183094.7793524,-0.4125,0.084375,102.61578825892242,20,21,-0.0007161256480258178,0.00236610492505985
1778183095.1170151,-0.3875,0.0875,97.12363255150623,21,21,-0.0007276365070041295,0.002380817772478209
1778183095.7070494,-0.38333333333333336,0.075,95.0789145920377,22,21,-0.00073842675673073,0.0023930442212709234
1778183096.030968,-0.4125,0.075,101.86756107809786,22,22,-0.0007147517657826426,0.0023688979573078407
1778183096.4851685,-0.37916666666666665,0.059375,92.9623579735368,23,22,-0.0007261102010155249,0.002378724272442221
1778183097.8651457,-0.4041666666666667,0.071875,99.68951800465283,23,23,-0.000703204739206668,0.0023568294868259996
1778183098.1863985,-0.375,0.0875,94.25497334358543,24,23,-0.0007140320268753826,0.002370737936824003
1778183098.5064654,-0.36666666666666664,0.0875,92.34717104492157,25,23,-0.0007237735940309992,0.0023843416503064887
1778183098.9120786,-0.3458333333333333,0.084375,87.28115489611719,26,23,-0.0007328789243918887,0.0023974158395184885
1778183099.2455797,-0.3625,0.09375,92.02716990106781,26,24,-0.0007146529409726568,0.0023695170717352066
1778183099.7072186,-0.4,0.09375,100.57832768544127,26,25,-0.0006943305312899983,0.002340871766412595
1778183100.7441182,-0.42916666666666664,0.078125,105.99056561788883,26,26,-0.0006708056314033606,0.002315812647753625
1778183101.0760255,-0.425,0.096875,106.60675400742676,26,26,-0.0006708056314033606,0.002315812647753625
1778183101.499478,-0.42916666666666664,0.11875,109.78615577567146,26,27,-0.0006467148993154053,0.0022771012486804605
1778183101.9783578,-0.375,0.075,93.14504817756014,27,27,-0.000656617270133015,0.002289312262937855
1778183102.3803256,-0.3958333333333333,0.1375,104.69479452198185,27,28,-0.0006372236826124644,0.002251450501138702
1778183102.7062504,-0.44166666666666665,0.15,116.36150566231085,27,29,-0.000616996521395724,0.0022050407404029175
1778183103.0367389,-0.4708333333333333,0.15,122.7721466783081,27,30,-0.0005938553974138175,0.002155732810898784
1778183103.3630435,-0.42083333333333334,0.146875,111.40017953306898,28,30,-0.0006044747114581469,0.002179817602960022
1778183103.6904483,-0.475,0.159375,124.88794977899188,28,31,-0.0005829720971055952,0.0021309890817430947
1778183104.0089612,-0.49166666666666664,0.19375,133.29666162361306,28,32,-0.0005588500791804255,0.0020678617926720355
1778183104.337647,-0.49166666666666664,0.1875,132.3782459469833,29,32,-0.0005700667473540602,0.002098867351795649
1778183104.6732838,-0.4791666666666667,0.165625,126.62543188475212,30,32,-0.0005814457497279118,0.0021268543295886936
1778183105.0092402,-0.5,0.134375,127.47156545677157,30,32,-0.0005814457497279118,0.0021268543295886936
1778183105.5116336,-0.5041666666666667,0.128125,127.75758294520134,30,32,-0.0005814457497279118,0.0021268543295886936
1778183105.840798,-0.4791666666666667,0.128125,122.09013064126027,31,32,-0.000594604129829097,0.0021477835555941288
1778183106.1707761,-0.5,0.1125,125.2836781069266,31,33,-0.0005679989942253867,0.002111523233348596
1778183106.5465283,-0.4791666666666667,0.1125,120.50311199301038,32,33,-0.0005809402814150728,0.00212883066686142
1778183107.7777834,-0.4791666666666667,0.084375,118.12705024675762,33,33,-0.0005936027172675052,0.0021417081581232367
1778183108.111832,-0.4708333333333333,0.08125,115.95257651298655,34,33,-0.0006068626427120312,0.0021538964871889916
1778183108.444434,-0.4583333333333333,0.053125,111.30588483993108,35,33,-0.0006198983247387151,0.002161906557107506
1778183108.7747443,-0.4666666666666667,0.05,113.13708498984761,35,34,-0.0005925444432635268,0.0021474912350336692
1778183109.0747316,-0.48333333333333334,0.046875,116.96580696938743,35,35,-0.0005649266558192359,0.0021344772814220854
1778183109.3781157,-0.4708333333333333,0.053125,114.27160627207444,36,35,-0.0005782464118155056,0.002141671029264305
1778183109.6940796,-0.4666666666666667,0.040625,112.75194011634566,37,35,-0.0005913032187469206,0.002147236892791827
1778183110.0019298,-0.45,0.04375,108.90362712049586,38,35,-0.0006042868782574646,0.0021531985439559643
1778183110.316833,-0.45416666666666666,0.046875,110.0272693471941,38,35,-0.0006042868782574646,0.0021531985439559643
1778183110.6612206,-0.4708333333333333,0.04375,113.86395390991831,38,36,-0.0005774835003251415,0.002141172216237287
1778183110.9764655,-0.4666666666666667,0.046875,113.0,39,36,-0.000590683854235592,0.002147480601561952
1778183111.5266602,-0.4125,0.05,100.2845950283492,40,36,-0.0006024773797302596,0.002154354180571555
1778183112.2993002,-0.39166666666666666,0.06875,96.54014708917737,41,36,-0.0006124642687369775,0.0021630269513220513
1778183112.5248938,-0.3958333333333333,0.084375,98.76234100101111,41,37,-0.0005935658599989957,0.002141593293305964
1778183112.8246958,-0.3541666666666667,0.11875,93.1074647920348,42,37,-0.00060161269143405,0.0021567139674810755
1778183113.1286294,-0.35833333333333334,0.109375,92.84934033152847,42,37,-0.00060161269143405,0.0021567139674810755
1778183113.594825,-0.4583333333333333,0.09375,114.0175425099138,42,38,-0.000583558113123579,0.002133276302476041
1778183113.8149903,-0.45,0.0625,109.83624174196785,43,38,-0.0005952307799372393,0.002142208680636349
1778183114.1114268,-0.43333333333333335,0.046875,105.07616285342742,44,38,-0.0006069974580320347,0.0021486132729292146
1778183114.5827796,-0.4666666666666667,0.04375,112.8716084761797,44,39,-0.0005816037257903286,0.002137125428430635
1778183115.5563192,-0.43333333333333335,0.04375,104.93807697875924,45,39,-0.0005938381517870201,0.0021429639769168264
1778183115.8781404,-0.4625,0.046875,112.00892821556681,45,40,-0.0005691500289708069,0.002131016525297711
1778183116.2543447,-0.44583333333333336,0.046875,108.04628637764465,46,40,-0.0005812814769272927,0.0021371103134390896
1778183116.9669564,-0.44166666666666665,0.065625,108.06016842481785,46,40,-0.0005812814769272927,0.0021371103134390896
1778183117.2701857,-0.44166666666666665,0.115625,112.27199116431488,46,41,-0.0005584852029467405,0.0021066096140380523
1778183119.176384,-0.4708333333333333,0.14375,122.00409829181969,46,42,-0.0005370438366290262,0.0020670493882612865
1778183119.5054777,-0.4708333333333333,0.134375,120.90492132250036,47,42,-0.0005475368355280761,0.002086412714455355
1778183119.8250055,-0.44583333333333336,0.09375,111.12605455067681,48,42,-0.0005578954506670976,0.0021000784301884075
1778183120.4124172,-0.42083333333333334,0.075,103.81233067415451,49,42,-0.0005679146519294926,0.002110103655071857
1778183122.3548093,-0.4625,0.1,115.52056094046635,49,43,-0.0005462116070854766,0.002084954873134768
1778183124.682574,-0.37916666666666665,-0.1,96.46242791885346,50,43,-0.0005552993263897198,0.0020713469810484117
